env,chain,type,role,version,status,evidence,note
mainnet,abstract,EVM,src,V2,family,bsc v2_v3_route + v1_refresh; chain_bindings (exact source contract identities),
mainnet,abstract,EVM,dst,V2,component-exact,evm_catalog_destination,
mainnet,abstract,EVM,src,V301,family,"evm_source_events bsc (EndpointV2EvmSdk.getLZSentEvent, SendUln301); chain_bindings (exact source contract identities)",
mainnet,abstract,EVM,dst,V301,component-exact,evm_catalog_destination,
mainnet,abstract,EVM,src,V302,family,historical_smoke ethereum/sepolia; evm_signing_path uln_v3_verify; chain_bindings (exact source contract identities),
mainnet,abstract,EVM,dst,V302,component-exact,evm_catalog_destination,
mainnet,abstract,EVM,src,ReadV1002,family,evm_signing_path uln_read_v1002_verify; evm_source_events bsc; chain_bindings (exact source contract identities),
mainnet,abstract,EVM,dst,ReadV1002,component-exact,evm_catalog_destination,
mainnet,adi,EVM,src,V2,family,bsc v2_v3_route + v1_refresh; chain_bindings (exact source contract identities),
mainnet,adi,EVM,dst,V2,component-exact,evm_catalog_destination,
mainnet,adi,EVM,src,V301,family,"evm_source_events bsc (EndpointV2EvmSdk.getLZSentEvent, SendUln301); chain_bindings (exact source contract identities)",
mainnet,adi,EVM,dst,V301,component-exact,evm_catalog_destination,
mainnet,adi,EVM,src,V302,family,historical_smoke ethereum/sepolia; evm_signing_path uln_v3_verify; chain_bindings (exact source contract identities),
mainnet,adi,EVM,dst,V302,component-exact,evm_catalog_destination,
mainnet,anubis,EVM,src,V2,family,bsc v2_v3_route + v1_refresh; chain_bindings (exact source contract identities),
mainnet,anubis,EVM,dst,V2,component-exact,evm_catalog_destination,
mainnet,anubis,EVM,src,V301,family,"evm_source_events bsc (EndpointV2EvmSdk.getLZSentEvent, SendUln301); chain_bindings (exact source contract identities)",
mainnet,anubis,EVM,dst,V301,component-exact,evm_catalog_destination,
mainnet,anubis,EVM,src,V302,family,historical_smoke ethereum/sepolia; evm_signing_path uln_v3_verify; chain_bindings (exact source contract identities),
mainnet,anubis,EVM,dst,V302,component-exact,evm_catalog_destination,
mainnet,ape,EVM,src,V2,family,bsc v2_v3_route + v1_refresh; chain_bindings (exact source contract identities),
mainnet,ape,EVM,dst,V2,component-exact,evm_catalog_destination,
mainnet,ape,EVM,src,V301,family,"evm_source_events bsc (EndpointV2EvmSdk.getLZSentEvent, SendUln301); chain_bindings (exact source contract identities)",
mainnet,ape,EVM,dst,V301,component-exact,evm_catalog_destination,
mainnet,ape,EVM,src,V302,family,historical_smoke ethereum/sepolia; evm_signing_path uln_v3_verify; chain_bindings (exact source contract identities),
mainnet,ape,EVM,dst,V302,component-exact,evm_catalog_destination,
mainnet,ape,EVM,src,ReadV1002,family,evm_signing_path uln_read_v1002_verify; evm_source_events bsc; chain_bindings (exact source contract identities),
mainnet,ape,EVM,dst,ReadV1002,component-exact,evm_catalog_destination,
mainnet,apexfusionnexus,EVM,src,V2,family,bsc v2_v3_route + v1_refresh; chain_bindings (exact source contract identities),
mainnet,apexfusionnexus,EVM,dst,V2,component-exact,evm_catalog_destination,
mainnet,apexfusionnexus,EVM,src,V301,family,"evm_source_events bsc (EndpointV2EvmSdk.getLZSentEvent, SendUln301); chain_bindings (exact source contract identities)",
mainnet,apexfusionnexus,EVM,dst,V301,component-exact,evm_catalog_destination,
mainnet,apexfusionnexus,EVM,src,V302,family,historical_smoke ethereum/sepolia; evm_signing_path uln_v3_verify; chain_bindings (exact source contract identities),
mainnet,apexfusionnexus,EVM,dst,V302,component-exact,evm_catalog_destination,
mainnet,aptos,APTOS,src,V2,component-exact,aptos_v1_source + v1_refresh,
mainnet,aptos,APTOS,dst,V2,component-exact,non_evm_destination:V2=refused; aptos_ulnv2_destination: production HTTP vs upstream routing/feather/builder/signer components (on-chain acceptance not observed),
mainnet,aptos,APTOS,src,V301,component-exact,aptos_v301_source (recorded mainnet send),
mainnet,aptos,APTOS,dst,V301,component-exact,non_evm_destination:V301=built,
mainnet,aptos,APTOS,src,V302,component-exact,"move_source_events (36 scenarios: 28 exact, 8 movement V301 stricter)",
mainnet,aptos,APTOS,dst,V302,final-response,historical_smoke (production HTTP vs upstream startServer); non_evm_destination:V302=built,
mainnet,arbitrum,EVM,src,V2,family,bsc v2_v3_route + v1_refresh; chain_bindings (exact source contract identities),
mainnet,arbitrum,EVM,dst,V2,component-exact,evm_catalog_destination,
mainnet,arbitrum,EVM,src,V301,family,"evm_source_events bsc (EndpointV2EvmSdk.getLZSentEvent, SendUln301); chain_bindings (exact source contract identities)",
mainnet,arbitrum,EVM,dst,V301,component-exact,evm_catalog_destination,
mainnet,arbitrum,EVM,src,V302,family,historical_smoke ethereum/sepolia; evm_signing_path uln_v3_verify; chain_bindings (exact source contract identities),
mainnet,arbitrum,EVM,dst,V302,component-exact,evm_catalog_destination,
mainnet,arbitrum,EVM,src,ReadV1002,family,evm_signing_path uln_read_v1002_verify; evm_source_events bsc; chain_bindings (exact source contract identities),
mainnet,arbitrum,EVM,dst,ReadV1002,component-exact,evm_catalog_destination,
mainnet,arc,EVM,src,V2,family,bsc v2_v3_route + v1_refresh; chain_bindings (exact source contract identities),
mainnet,arc,EVM,dst,V2,component-exact,evm_catalog_destination,
mainnet,arc,EVM,src,V301,family,"evm_source_events bsc (EndpointV2EvmSdk.getLZSentEvent, SendUln301); chain_bindings (exact source contract identities)",
mainnet,arc,EVM,dst,V301,component-exact,evm_catalog_destination,
mainnet,arc,EVM,src,V302,family,historical_smoke ethereum/sepolia; evm_signing_path uln_v3_verify; chain_bindings (exact source contract identities),
mainnet,arc,EVM,dst,V302,component-exact,evm_catalog_destination,
mainnet,astar,EVM,src,V2,family,bsc v2_v3_route + v1_refresh; chain_bindings (exact source contract identities),
mainnet,astar,EVM,dst,V2,component-exact,evm_catalog_destination,
mainnet,astar,EVM,src,V301,family,"evm_source_events bsc (EndpointV2EvmSdk.getLZSentEvent, SendUln301); chain_bindings (exact source contract identities)",
mainnet,astar,EVM,dst,V301,component-exact,evm_catalog_destination,
mainnet,astar,EVM,src,V302,family,historical_smoke ethereum/sepolia; evm_signing_path uln_v3_verify; chain_bindings (exact source contract identities),
mainnet,astar,EVM,dst,V302,component-exact,evm_catalog_destination,
mainnet,ault,EVM,src,V2,family,bsc v2_v3_route + v1_refresh; chain_bindings (exact source contract identities),
mainnet,ault,EVM,dst,V2,component-exact,evm_catalog_destination,
mainnet,ault,EVM,src,V301,family,"evm_source_events bsc (EndpointV2EvmSdk.getLZSentEvent, SendUln301); chain_bindings (exact source contract identities)",
mainnet,ault,EVM,dst,V301,component-exact,evm_catalog_destination,
mainnet,ault,EVM,src,V302,family,historical_smoke ethereum/sepolia; evm_signing_path uln_v3_verify; chain_bindings (exact source contract identities),
mainnet,ault,EVM,dst,V302,component-exact,evm_catalog_destination,
mainnet,avalanche,EVM,src,V2,family,bsc v2_v3_route + v1_refresh; chain_bindings (exact source contract identities),
mainnet,avalanche,EVM,dst,V2,component-exact,evm_catalog_destination,
mainnet,avalanche,EVM,src,V301,family,"evm_source_events bsc (EndpointV2EvmSdk.getLZSentEvent, SendUln301); chain_bindings (exact source contract identities)",
mainnet,avalanche,EVM,dst,V301,component-exact,evm_catalog_destination,
mainnet,avalanche,EVM,src,V302,family,historical_smoke ethereum/sepolia; evm_signing_path uln_v3_verify; chain_bindings (exact source contract identities),
mainnet,avalanche,EVM,dst,V302,component-exact,evm_catalog_destination,
mainnet,avalanche,EVM,src,ReadV1002,family,evm_signing_path uln_read_v1002_verify; evm_source_events bsc; chain_bindings (exact source contract identities),
mainnet,avalanche,EVM,dst,ReadV1002,component-exact,evm_catalog_destination,
mainnet,base,EVM,src,V2,family,bsc v2_v3_route + v1_refresh; chain_bindings (exact source contract identities),
mainnet,base,EVM,dst,V2,component-exact,evm_catalog_destination,
mainnet,base,EVM,src,V301,family,"evm_source_events bsc (EndpointV2EvmSdk.getLZSentEvent, SendUln301); chain_bindings (exact source contract identities)",
mainnet,base,EVM,dst,V301,component-exact,evm_catalog_destination,
mainnet,base,EVM,src,V302,family,historical_smoke ethereum/sepolia; evm_signing_path uln_v3_verify; chain_bindings (exact source contract identities),
mainnet,base,EVM,dst,V302,component-exact,evm_catalog_destination,
mainnet,base,EVM,src,ReadV1002,family,evm_signing_path uln_read_v1002_verify; evm_source_events bsc; chain_bindings (exact source contract identities),
mainnet,base,EVM,dst,ReadV1002,component-exact,evm_catalog_destination,
mainnet,bera,EVM,src,V2,family,bsc v2_v3_route + v1_refresh; chain_bindings (exact source contract identities),
mainnet,bera,EVM,dst,V2,component-exact,evm_catalog_destination,
mainnet,bera,EVM,src,V301,family,"evm_source_events bsc (EndpointV2EvmSdk.getLZSentEvent, SendUln301); chain_bindings (exact source contract identities)",
mainnet,bera,EVM,dst,V301,component-exact,evm_catalog_destination,
mainnet,bera,EVM,src,V302,family,historical_smoke ethereum/sepolia; evm_signing_path uln_v3_verify; chain_bindings (exact source contract identities),
mainnet,bera,EVM,dst,V302,component-exact,evm_catalog_destination,
mainnet,bera,EVM,src,ReadV1002,family,evm_signing_path uln_read_v1002_verify; evm_source_events bsc; chain_bindings (exact source contract identities),
mainnet,bera,EVM,dst,ReadV1002,component-exact,evm_catalog_destination,
mainnet,blast,EVM,src,V2,family,bsc v2_v3_route + v1_refresh; chain_bindings (exact source contract identities),
mainnet,blast,EVM,dst,V2,component-exact,evm_catalog_destination,
mainnet,blast,EVM,src,V301,family,"evm_source_events bsc (EndpointV2EvmSdk.getLZSentEvent, SendUln301); chain_bindings (exact source contract identities)",
mainnet,blast,EVM,dst,V301,component-exact,evm_catalog_destination,
mainnet,blast,EVM,src,V302,family,historical_smoke ethereum/sepolia; evm_signing_path uln_v3_verify; chain_bindings (exact source contract identities),
mainnet,blast,EVM,dst,V302,component-exact,evm_catalog_destination,
mainnet,blast,EVM,src,ReadV1002,family,evm_signing_path uln_read_v1002_verify; evm_source_events bsc; chain_bindings (exact source contract identities),
mainnet,blast,EVM,dst,ReadV1002,component-exact,evm_catalog_destination,
mainnet,bob,EVM,src,V2,family,bsc v2_v3_route + v1_refresh; chain_bindings (exact source contract identities),
mainnet,bob,EVM,dst,V2,component-exact,evm_catalog_destination,
mainnet,bob,EVM,src,V301,family,"evm_source_events bsc (EndpointV2EvmSdk.getLZSentEvent, SendUln301); chain_bindings (exact source contract identities)",
mainnet,bob,EVM,dst,V301,component-exact,evm_catalog_destination,
mainnet,bob,EVM,src,V302,family,historical_smoke ethereum/sepolia; evm_signing_path uln_v3_verify; chain_bindings (exact source contract identities),
mainnet,bob,EVM,dst,V302,component-exact,evm_catalog_destination,
mainnet,bsc,EVM,src,V2,component-exact,v2_v3_route + v1_refresh,
mainnet,bsc,EVM,dst,V2,component-exact,evm_catalog_destination,
mainnet,bsc,EVM,src,V301,component-exact,evm_source_events SDK-level (12 replayed = 11 exact + 1 Pillar extension),
mainnet,bsc,EVM,dst,V301,component-exact,evm_catalog_destination,
mainnet,bsc,EVM,src,V302,component-exact,evm_source_events SDK-level (12 replayed = 11 exact + 1 Pillar extension); evm_options 32 vectors,
mainnet,bsc,EVM,dst,V302,component-exact,evm_catalog_destination,
mainnet,bsc,EVM,src,ReadV1002,component-exact,evm_source_events SDK-level (12 replayed = 11 exact + 1 Pillar extension); evm_options read vectors,
mainnet,bsc,EVM,dst,ReadV1002,component-exact,evm_catalog_destination,
mainnet,camp,EVM,src,V2,family,bsc v2_v3_route + v1_refresh; chain_bindings (exact source contract identities),
mainnet,camp,EVM,dst,V2,component-exact,evm_catalog_destination,
mainnet,camp,EVM,src,V301,family,"evm_source_events bsc (EndpointV2EvmSdk.getLZSentEvent, SendUln301); chain_bindings (exact source contract identities)",
mainnet,camp,EVM,dst,V301,component-exact,evm_catalog_destination,
mainnet,camp,EVM,src,V302,family,historical_smoke ethereum/sepolia; evm_signing_path uln_v3_verify; chain_bindings (exact source contract identities),
mainnet,camp,EVM,dst,V302,component-exact,evm_catalog_destination,
mainnet,canton,CANTON,src,V302,incomplete,canton_sequencer resolve/confirmations (environment-independent sequencer logic),"A2 ledger read + OAuth2 token implemented from common-canton 1.2.66 source; read executed against real Canton 3.5.19 with synthetic auth (no LayerZero DAR, no signing); needs operator OAuth2/ledger config; sandbox JWT auth not enabled"
mainnet,canton,CANTON,dst,V302,component-exact,canton_sequencer payloadSigned + canton_digest + canton_sign,
mainnet,celo,EVM,src,V2,family,bsc v2_v3_route + v1_refresh; chain_bindings (exact source contract identities),
mainnet,celo,EVM,dst,V2,component-exact,evm_catalog_destination,
mainnet,celo,EVM,src,V301,family,"evm_source_events bsc (EndpointV2EvmSdk.getLZSentEvent, SendUln301); chain_bindings (exact source contract identities)",
mainnet,celo,EVM,dst,V301,component-exact,evm_catalog_destination,
mainnet,celo,EVM,src,V302,family,historical_smoke ethereum/sepolia; evm_signing_path uln_v3_verify; chain_bindings (exact source contract identities),
mainnet,celo,EVM,dst,V302,component-exact,evm_catalog_destination,
mainnet,celo,EVM,src,ReadV1002,family,evm_signing_path uln_read_v1002_verify; evm_source_events bsc; chain_bindings (exact source contract identities),
mainnet,celo,EVM,dst,ReadV1002,component-exact,evm_catalog_destination,
mainnet,chiliz,EVM,src,V2,family,bsc v2_v3_route + v1_refresh; chain_bindings (exact source contract identities),
mainnet,chiliz,EVM,dst,V2,component-exact,evm_catalog_destination,
mainnet,chiliz,EVM,src,V301,family,"evm_source_events bsc (EndpointV2EvmSdk.getLZSentEvent, SendUln301); chain_bindings (exact source contract identities)",
mainnet,chiliz,EVM,dst,V301,component-exact,evm_catalog_destination,
mainnet,chiliz,EVM,src,V302,family,historical_smoke ethereum/sepolia; evm_signing_path uln_v3_verify; chain_bindings (exact source contract identities),
mainnet,chiliz,EVM,dst,V302,component-exact,evm_catalog_destination,
mainnet,citrea,EVM,src,V2,family,bsc v2_v3_route + v1_refresh; chain_bindings (exact source contract identities),
mainnet,citrea,EVM,dst,V2,component-exact,evm_catalog_destination,
mainnet,citrea,EVM,src,V301,family,"evm_source_events bsc (EndpointV2EvmSdk.getLZSentEvent, SendUln301); chain_bindings (exact source contract identities)",
mainnet,citrea,EVM,dst,V301,component-exact,evm_catalog_destination,
mainnet,citrea,EVM,src,V302,family,historical_smoke ethereum/sepolia; evm_signing_path uln_v3_verify; chain_bindings (exact source contract identities),
mainnet,citrea,EVM,dst,V302,component-exact,evm_catalog_destination,
mainnet,codex,EVM,src,V2,family,bsc v2_v3_route + v1_refresh; chain_bindings (exact source contract identities),
mainnet,codex,EVM,dst,V2,component-exact,evm_catalog_destination,
mainnet,codex,EVM,src,V301,family,"evm_source_events bsc (EndpointV2EvmSdk.getLZSentEvent, SendUln301); chain_bindings (exact source contract identities)",
mainnet,codex,EVM,dst,V301,component-exact,evm_catalog_destination,
mainnet,codex,EVM,src,V302,family,historical_smoke ethereum/sepolia; evm_signing_path uln_v3_verify; chain_bindings (exact source contract identities),
mainnet,codex,EVM,dst,V302,component-exact,evm_catalog_destination,
mainnet,conflux,EVM,src,V2,family,bsc v2_v3_route + v1_refresh; chain_bindings (exact source contract identities),
mainnet,conflux,EVM,dst,V2,component-exact,evm_catalog_destination,
mainnet,conflux,EVM,src,V301,family,"evm_source_events bsc (EndpointV2EvmSdk.getLZSentEvent, SendUln301); chain_bindings (exact source contract identities)",
mainnet,conflux,EVM,dst,V301,component-exact,evm_catalog_destination,
mainnet,conflux,EVM,src,V302,family,historical_smoke ethereum/sepolia; evm_signing_path uln_v3_verify; chain_bindings (exact source contract identities),
mainnet,conflux,EVM,dst,V302,component-exact,evm_catalog_destination,
mainnet,coredao,EVM,src,V2,family,bsc v2_v3_route + v1_refresh; chain_bindings (exact source contract identities),
mainnet,coredao,EVM,dst,V2,component-exact,evm_catalog_destination,
mainnet,coredao,EVM,src,V301,family,"evm_source_events bsc (EndpointV2EvmSdk.getLZSentEvent, SendUln301); chain_bindings (exact source contract identities)",
mainnet,coredao,EVM,dst,V301,component-exact,evm_catalog_destination,
mainnet,coredao,EVM,src,V302,family,historical_smoke ethereum/sepolia; evm_signing_path uln_v3_verify; chain_bindings (exact source contract identities),
mainnet,coredao,EVM,dst,V302,component-exact,evm_catalog_destination,
mainnet,cronosevm,EVM,src,V2,family,bsc v2_v3_route + v1_refresh; chain_bindings (exact source contract identities),
mainnet,cronosevm,EVM,dst,V2,component-exact,evm_catalog_destination,
mainnet,cronosevm,EVM,src,V301,family,"evm_source_events bsc (EndpointV2EvmSdk.getLZSentEvent, SendUln301); chain_bindings (exact source contract identities)",
mainnet,cronosevm,EVM,dst,V301,component-exact,evm_catalog_destination,
mainnet,cronosevm,EVM,src,V302,family,historical_smoke ethereum/sepolia; evm_signing_path uln_v3_verify; chain_bindings (exact source contract identities),
mainnet,cronosevm,EVM,dst,V302,component-exact,evm_catalog_destination,
mainnet,dexalot,EVM,src,V2,family,bsc v2_v3_route + v1_refresh; chain_bindings (exact source contract identities),
mainnet,dexalot,EVM,dst,V2,component-exact,evm_catalog_destination,
mainnet,dexalot,EVM,src,V301,family,"evm_source_events bsc (EndpointV2EvmSdk.getLZSentEvent, SendUln301); chain_bindings (exact source contract identities)",
mainnet,dexalot,EVM,dst,V301,component-exact,evm_catalog_destination,
mainnet,dexalot,EVM,src,V302,family,historical_smoke ethereum/sepolia; evm_signing_path uln_v3_verify; chain_bindings (exact source contract identities),
mainnet,dexalot,EVM,dst,V302,component-exact,evm_catalog_destination,
mainnet,dinari,EVM,src,V2,family,bsc v2_v3_route + v1_refresh; chain_bindings (exact source contract identities),
mainnet,dinari,EVM,dst,V2,component-exact,evm_catalog_destination,
mainnet,dinari,EVM,src,V301,family,"evm_source_events bsc (EndpointV2EvmSdk.getLZSentEvent, SendUln301); chain_bindings (exact source contract identities)",
mainnet,dinari,EVM,dst,V301,component-exact,evm_catalog_destination,
mainnet,dinari,EVM,src,V302,family,historical_smoke ethereum/sepolia; evm_signing_path uln_v3_verify; chain_bindings (exact source contract identities),
mainnet,dinari,EVM,dst,V302,component-exact,evm_catalog_destination,
mainnet,doma,EVM,src,V2,family,bsc v2_v3_route + v1_refresh; chain_bindings (exact source contract identities),
mainnet,doma,EVM,dst,V2,component-exact,evm_catalog_destination,
mainnet,doma,EVM,src,V301,family,"evm_source_events bsc (EndpointV2EvmSdk.getLZSentEvent, SendUln301); chain_bindings (exact source contract identities)",
mainnet,doma,EVM,dst,V301,component-exact,evm_catalog_destination,
mainnet,doma,EVM,src,V302,family,historical_smoke ethereum/sepolia; evm_signing_path uln_v3_verify; chain_bindings (exact source contract identities),
mainnet,doma,EVM,dst,V302,component-exact,evm_catalog_destination,
mainnet,ethereal,EVM,src,V2,family,bsc v2_v3_route + v1_refresh; chain_bindings (exact source contract identities),
mainnet,ethereal,EVM,dst,V2,component-exact,evm_catalog_destination,
mainnet,ethereal,EVM,src,V301,family,"evm_source_events bsc (EndpointV2EvmSdk.getLZSentEvent, SendUln301); chain_bindings (exact source contract identities)",
mainnet,ethereal,EVM,dst,V301,component-exact,evm_catalog_destination,
mainnet,ethereal,EVM,src,V302,family,historical_smoke ethereum/sepolia; evm_signing_path uln_v3_verify; chain_bindings (exact source contract identities),
mainnet,ethereal,EVM,dst,V302,component-exact,evm_catalog_destination,
mainnet,ethereum,EVM,src,V2,family,bsc v2_v3_route + v1_refresh; chain_bindings (exact source contract identities),
mainnet,ethereum,EVM,dst,V2,component-exact,evm_catalog_destination,
mainnet,ethereum,EVM,src,V301,family,"evm_source_events bsc (EndpointV2EvmSdk.getLZSentEvent, SendUln301); chain_bindings (exact source contract identities)",
mainnet,ethereum,EVM,dst,V301,component-exact,evm_catalog_destination,
mainnet,ethereum,EVM,src,V302,final-response,historical_smoke (production HTTP vs upstream startServer),
mainnet,ethereum,EVM,dst,V302,component-exact,evm_catalog_destination,
mainnet,ethereum,EVM,src,ReadV1002,family,evm_signing_path uln_read_v1002_verify; evm_source_events bsc; chain_bindings (exact source contract identities),
mainnet,ethereum,EVM,dst,ReadV1002,component-exact,evm_catalog_destination,
mainnet,etherlink,EVM,src,V2,family,bsc v2_v3_route + v1_refresh; chain_bindings (exact source contract identities),
mainnet,etherlink,EVM,dst,V2,component-exact,evm_catalog_destination,
mainnet,etherlink,EVM,src,V301,family,"evm_source_events bsc (EndpointV2EvmSdk.getLZSentEvent, SendUln301); chain_bindings (exact source contract identities)",
mainnet,etherlink,EVM,dst,V301,component-exact,evm_catalog_destination,
mainnet,etherlink,EVM,src,V302,family,historical_smoke ethereum/sepolia; evm_signing_path uln_v3_verify; chain_bindings (exact source contract identities),
mainnet,etherlink,EVM,dst,V302,component-exact,evm_catalog_destination,
mainnet,etherlink,EVM,src,ReadV1002,family,evm_signing_path uln_read_v1002_verify; evm_source_events bsc; chain_bindings (exact source contract identities),
mainnet,etherlink,EVM,dst,ReadV1002,component-exact,evm_catalog_destination,
mainnet,fantom,EVM,src,V2,family,bsc v2_v3_route + v1_refresh; chain_bindings (exact source contract identities),
mainnet,fantom,EVM,dst,V2,component-exact,evm_catalog_destination,
mainnet,fantom,EVM,src,V301,family,"evm_source_events bsc (EndpointV2EvmSdk.getLZSentEvent, SendUln301); chain_bindings (exact source contract identities)",
mainnet,fantom,EVM,dst,V301,component-exact,evm_catalog_destination,
mainnet,fantom,EVM,src,V302,family,historical_smoke ethereum/sepolia; evm_signing_path uln_v3_verify; chain_bindings (exact source contract identities),
mainnet,fantom,EVM,dst,V302,component-exact,evm_catalog_destination,
mainnet,flare,EVM,src,V2,family,bsc v2_v3_route + v1_refresh; chain_bindings (exact source contract identities),
mainnet,flare,EVM,dst,V2,component-exact,evm_catalog_destination,
mainnet,flare,EVM,src,V301,family,"evm_source_events bsc (EndpointV2EvmSdk.getLZSentEvent, SendUln301); chain_bindings (exact source contract identities)",
mainnet,flare,EVM,dst,V301,component-exact,evm_catalog_destination,
mainnet,flare,EVM,src,V302,family,historical_smoke ethereum/sepolia; evm_signing_path uln_v3_verify; chain_bindings (exact source contract identities),
mainnet,flare,EVM,dst,V302,component-exact,evm_catalog_destination,
mainnet,flow,EVM,src,V2,family,bsc v2_v3_route + v1_refresh; chain_bindings (exact source contract identities),
mainnet,flow,EVM,dst,V2,component-exact,evm_catalog_destination,
mainnet,flow,EVM,src,V301,family,"evm_source_events bsc (EndpointV2EvmSdk.getLZSentEvent, SendUln301); chain_bindings (exact source contract identities)",
mainnet,flow,EVM,dst,V301,component-exact,evm_catalog_destination,
mainnet,flow,EVM,src,V302,family,historical_smoke ethereum/sepolia; evm_signing_path uln_v3_verify; chain_bindings (exact source contract identities),
mainnet,flow,EVM,dst,V302,component-exact,evm_catalog_destination,
mainnet,flow,EVM,src,ReadV1002,family,evm_signing_path uln_read_v1002_verify; evm_source_events bsc; chain_bindings (exact source contract identities),
mainnet,flow,EVM,dst,ReadV1002,component-exact,evm_catalog_destination,
mainnet,fraxtal,EVM,src,V2,family,bsc v2_v3_route + v1_refresh; chain_bindings (exact source contract identities),
mainnet,fraxtal,EVM,dst,V2,component-exact,evm_catalog_destination,
mainnet,fraxtal,EVM,src,V301,family,"evm_source_events bsc (EndpointV2EvmSdk.getLZSentEvent, SendUln301); chain_bindings (exact source contract identities)",
mainnet,fraxtal,EVM,dst,V301,component-exact,evm_catalog_destination,
mainnet,fraxtal,EVM,src,V302,family,historical_smoke ethereum/sepolia; evm_signing_path uln_v3_verify; chain_bindings (exact source contract identities),
mainnet,fraxtal,EVM,dst,V302,component-exact,evm_catalog_destination,
mainnet,fuse,EVM,src,V2,family,bsc v2_v3_route + v1_refresh; chain_bindings (exact source contract identities),
mainnet,fuse,EVM,dst,V2,component-exact,evm_catalog_destination,
mainnet,fuse,EVM,src,V301,family,"evm_source_events bsc (EndpointV2EvmSdk.getLZSentEvent, SendUln301); chain_bindings (exact source contract identities)",
mainnet,fuse,EVM,dst,V301,component-exact,evm_catalog_destination,
mainnet,fuse,EVM,src,V302,family,historical_smoke ethereum/sepolia; evm_signing_path uln_v3_verify; chain_bindings (exact source contract identities),
mainnet,fuse,EVM,dst,V302,component-exact,evm_catalog_destination,
mainnet,gatelayer,EVM,src,V2,family,bsc v2_v3_route + v1_refresh; chain_bindings (exact source contract identities),
mainnet,gatelayer,EVM,dst,V2,component-exact,evm_catalog_destination,
mainnet,gatelayer,EVM,src,V301,family,"evm_source_events bsc (EndpointV2EvmSdk.getLZSentEvent, SendUln301); chain_bindings (exact source contract identities)",
mainnet,gatelayer,EVM,dst,V301,component-exact,evm_catalog_destination,
mainnet,gatelayer,EVM,src,V302,family,historical_smoke ethereum/sepolia; evm_signing_path uln_v3_verify; chain_bindings (exact source contract identities),
mainnet,gatelayer,EVM,dst,V302,component-exact,evm_catalog_destination,
mainnet,gensyn,EVM,src,V302,family,historical_smoke ethereum/sepolia; evm_signing_path uln_v3_verify; chain_bindings (exact source contract identities),
mainnet,gensyn,EVM,dst,V302,component-exact,evm_catalog_destination,
mainnet,goat,EVM,src,V2,family,bsc v2_v3_route + v1_refresh; chain_bindings (exact source contract identities),
mainnet,goat,EVM,dst,V2,component-exact,evm_catalog_destination,
mainnet,goat,EVM,src,V301,family,"evm_source_events bsc (EndpointV2EvmSdk.getLZSentEvent, SendUln301); chain_bindings (exact source contract identities)",
mainnet,goat,EVM,dst,V301,component-exact,evm_catalog_destination,
mainnet,goat,EVM,src,V302,family,historical_smoke ethereum/sepolia; evm_signing_path uln_v3_verify; chain_bindings (exact source contract identities),
mainnet,goat,EVM,dst,V302,component-exact,evm_catalog_destination,
mainnet,gravity,EVM,src,V2,family,bsc v2_v3_route + v1_refresh; chain_bindings (exact source contract identities),
mainnet,gravity,EVM,dst,V2,component-exact,evm_catalog_destination,
mainnet,gravity,EVM,src,V301,family,"evm_source_events bsc (EndpointV2EvmSdk.getLZSentEvent, SendUln301); chain_bindings (exact source contract identities)",
mainnet,gravity,EVM,dst,V301,component-exact,evm_catalog_destination,
mainnet,gravity,EVM,src,V302,family,historical_smoke ethereum/sepolia; evm_signing_path uln_v3_verify; chain_bindings (exact source contract identities),
mainnet,gravity,EVM,dst,V302,component-exact,evm_catalog_destination,
mainnet,gunz,EVM,src,V2,family,bsc v2_v3_route + v1_refresh; chain_bindings (exact source contract identities),
mainnet,gunz,EVM,dst,V2,component-exact,evm_catalog_destination,
mainnet,gunz,EVM,src,V301,family,"evm_source_events bsc (EndpointV2EvmSdk.getLZSentEvent, SendUln301); chain_bindings (exact source contract identities)",
mainnet,gunz,EVM,dst,V301,component-exact,evm_catalog_destination,
mainnet,gunz,EVM,src,V302,family,historical_smoke ethereum/sepolia; evm_signing_path uln_v3_verify; chain_bindings (exact source contract identities),
mainnet,gunz,EVM,dst,V302,component-exact,evm_catalog_destination,
mainnet,hashkey,EVM,src,V2,family,bsc v2_v3_route + v1_refresh; chain_bindings (exact source contract identities),
mainnet,hashkey,EVM,dst,V2,component-exact,evm_catalog_destination,
mainnet,hashkey,EVM,src,V301,family,"evm_source_events bsc (EndpointV2EvmSdk.getLZSentEvent, SendUln301); chain_bindings (exact source contract identities)",
mainnet,hashkey,EVM,dst,V301,component-exact,evm_catalog_destination,
mainnet,hashkey,EVM,src,V302,family,historical_smoke ethereum/sepolia; evm_signing_path uln_v3_verify; chain_bindings (exact source contract identities),
mainnet,hashkey,EVM,dst,V302,component-exact,evm_catalog_destination,
mainnet,hedera,EVM,src,V2,family,bsc v2_v3_route + v1_refresh; chain_bindings (exact source contract identities),
mainnet,hedera,EVM,dst,V2,component-exact,evm_catalog_destination,
mainnet,hedera,EVM,src,V301,family,"evm_source_events bsc (EndpointV2EvmSdk.getLZSentEvent, SendUln301); chain_bindings (exact source contract identities)",
mainnet,hedera,EVM,dst,V301,component-exact,evm_catalog_destination,
mainnet,hedera,EVM,src,V302,family,historical_smoke ethereum/sepolia; evm_signing_path uln_v3_verify; chain_bindings (exact source contract identities),
mainnet,hedera,EVM,dst,V302,component-exact,evm_catalog_destination,
mainnet,hemi,EVM,src,V2,family,bsc v2_v3_route + v1_refresh; chain_bindings (exact source contract identities),
mainnet,hemi,EVM,dst,V2,component-exact,evm_catalog_destination,
mainnet,hemi,EVM,src,V301,family,"evm_source_events bsc (EndpointV2EvmSdk.getLZSentEvent, SendUln301); chain_bindings (exact source contract identities)",
mainnet,hemi,EVM,dst,V301,component-exact,evm_catalog_destination,
mainnet,hemi,EVM,src,V302,family,historical_smoke ethereum/sepolia; evm_signing_path uln_v3_verify; chain_bindings (exact source contract identities),
mainnet,hemi,EVM,dst,V302,component-exact,evm_catalog_destination,
mainnet,horizen,EVM,src,V2,family,bsc v2_v3_route + v1_refresh; chain_bindings (exact source contract identities),
mainnet,horizen,EVM,dst,V2,component-exact,evm_catalog_destination,
mainnet,horizen,EVM,src,V301,family,"evm_source_events bsc (EndpointV2EvmSdk.getLZSentEvent, SendUln301); chain_bindings (exact source contract identities)",
mainnet,horizen,EVM,dst,V301,component-exact,evm_catalog_destination,
mainnet,horizen,EVM,src,V302,family,historical_smoke ethereum/sepolia; evm_signing_path uln_v3_verify; chain_bindings (exact source contract identities),
mainnet,horizen,EVM,dst,V302,component-exact,evm_catalog_destination,
mainnet,humanity,EVM,src,V2,family,bsc v2_v3_route + v1_refresh; chain_bindings (exact source contract identities),
mainnet,humanity,EVM,dst,V2,component-exact,evm_catalog_destination,
mainnet,humanity,EVM,src,V301,family,"evm_source_events bsc (EndpointV2EvmSdk.getLZSentEvent, SendUln301); chain_bindings (exact source contract identities)",
mainnet,humanity,EVM,dst,V301,component-exact,evm_catalog_destination,
mainnet,humanity,EVM,src,V302,family,historical_smoke ethereum/sepolia; evm_signing_path uln_v3_verify; chain_bindings (exact source contract identities),
mainnet,humanity,EVM,dst,V302,component-exact,evm_catalog_destination,
mainnet,hyperliquid,EVM,src,V2,family,bsc v2_v3_route + v1_refresh; chain_bindings (exact source contract identities),
mainnet,hyperliquid,EVM,dst,V2,component-exact,evm_catalog_destination,
mainnet,hyperliquid,EVM,src,V301,family,"evm_source_events bsc (EndpointV2EvmSdk.getLZSentEvent, SendUln301); chain_bindings (exact source contract identities)",
mainnet,hyperliquid,EVM,dst,V301,component-exact,evm_catalog_destination,
mainnet,hyperliquid,EVM,src,V302,family,historical_smoke ethereum/sepolia; evm_signing_path uln_v3_verify; chain_bindings (exact source contract identities),
mainnet,hyperliquid,EVM,dst,V302,component-exact,evm_catalog_destination,
mainnet,hyperliquid,EVM,src,ReadV1002,family,evm_signing_path uln_read_v1002_verify; evm_source_events bsc; chain_bindings (exact source contract identities),
mainnet,hyperliquid,EVM,dst,ReadV1002,component-exact,evm_catalog_destination,
mainnet,initia,INITIA,src,V302,component-exact,"initia_source_events (17: 15 exact, 1 stricter, 1 text residual)",
mainnet,initia,INITIA,dst,V302,final-response,historical_smoke (production HTTP vs upstream startServer); non_evm_destination:V302=built,
mainnet,injectiveevm,EVM,src,V2,family,bsc v2_v3_route + v1_refresh; chain_bindings (exact source contract identities),
mainnet,injectiveevm,EVM,dst,V2,component-exact,evm_catalog_destination,
mainnet,injectiveevm,EVM,src,V301,family,"evm_source_events bsc (EndpointV2EvmSdk.getLZSentEvent, SendUln301); chain_bindings (exact source contract identities)",
mainnet,injectiveevm,EVM,dst,V301,component-exact,evm_catalog_destination,
mainnet,injectiveevm,EVM,src,V302,family,historical_smoke ethereum/sepolia; evm_signing_path uln_v3_verify; chain_bindings (exact source contract identities),
mainnet,injectiveevm,EVM,dst,V302,component-exact,evm_catalog_destination,
mainnet,ink,EVM,src,V2,family,bsc v2_v3_route + v1_refresh; chain_bindings (exact source contract identities),
mainnet,ink,EVM,dst,V2,component-exact,evm_catalog_destination,
mainnet,ink,EVM,src,V301,family,"evm_source_events bsc (EndpointV2EvmSdk.getLZSentEvent, SendUln301); chain_bindings (exact source contract identities)",
mainnet,ink,EVM,dst,V301,component-exact,evm_catalog_destination,
mainnet,ink,EVM,src,V302,family,historical_smoke ethereum/sepolia; evm_signing_path uln_v3_verify; chain_bindings (exact source contract identities),
mainnet,ink,EVM,dst,V302,component-exact,evm_catalog_destination,
mainnet,ink,EVM,src,ReadV1002,family,evm_signing_path uln_read_v1002_verify; evm_source_events bsc; chain_bindings (exact source contract identities),
mainnet,ink,EVM,dst,ReadV1002,component-exact,evm_catalog_destination,
mainnet,iota,EVM,src,V2,family,bsc v2_v3_route + v1_refresh; chain_bindings (exact source contract identities),
mainnet,iota,EVM,dst,V2,component-exact,evm_catalog_destination,
mainnet,iota,EVM,src,V301,family,"evm_source_events bsc (EndpointV2EvmSdk.getLZSentEvent, SendUln301); chain_bindings (exact source contract identities)",
mainnet,iota,EVM,dst,V301,component-exact,evm_catalog_destination,
mainnet,iota,EVM,src,V302,family,historical_smoke ethereum/sepolia; evm_signing_path uln_v3_verify; chain_bindings (exact source contract identities),
mainnet,iota,EVM,dst,V302,component-exact,evm_catalog_destination,
mainnet,iotal1,IOTAMOVE,src,V302,component-exact,sui_source_events (iotal1 half of 42 rows),
mainnet,iotal1,IOTAMOVE,dst,V302,component-exact,non_evm_destination:V302=built,
mainnet,irys,EVM,src,V2,family,bsc v2_v3_route + v1_refresh; chain_bindings (exact source contract identities),
mainnet,irys,EVM,dst,V2,component-exact,evm_catalog_destination,
mainnet,irys,EVM,src,V301,family,"evm_source_events bsc (EndpointV2EvmSdk.getLZSentEvent, SendUln301); chain_bindings (exact source contract identities)",
mainnet,irys,EVM,dst,V301,component-exact,evm_catalog_destination,
mainnet,irys,EVM,src,V302,family,historical_smoke ethereum/sepolia; evm_signing_path uln_v3_verify; chain_bindings (exact source contract identities),
mainnet,irys,EVM,dst,V302,component-exact,evm_catalog_destination,
mainnet,islander,EVM,src,V2,family,bsc v2_v3_route + v1_refresh; chain_bindings (exact source contract identities),
mainnet,islander,EVM,dst,V2,component-exact,evm_catalog_destination,
mainnet,islander,EVM,src,V301,family,"evm_source_events bsc (EndpointV2EvmSdk.getLZSentEvent, SendUln301); chain_bindings (exact source contract identities)",
mainnet,islander,EVM,dst,V301,component-exact,evm_catalog_destination,
mainnet,islander,EVM,src,V302,family,historical_smoke ethereum/sepolia; evm_signing_path uln_v3_verify; chain_bindings (exact source contract identities),
mainnet,islander,EVM,dst,V302,component-exact,evm_catalog_destination,
mainnet,katana,EVM,src,V2,family,bsc v2_v3_route + v1_refresh; chain_bindings (exact source contract identities),
mainnet,katana,EVM,dst,V2,component-exact,evm_catalog_destination,
mainnet,katana,EVM,src,V301,family,"evm_source_events bsc (EndpointV2EvmSdk.getLZSentEvent, SendUln301); chain_bindings (exact source contract identities)",
mainnet,katana,EVM,dst,V301,component-exact,evm_catalog_destination,
mainnet,katana,EVM,src,V302,family,historical_smoke ethereum/sepolia; evm_signing_path uln_v3_verify; chain_bindings (exact source contract identities),
mainnet,katana,EVM,dst,V302,component-exact,evm_catalog_destination,
mainnet,kava,EVM,src,V2,family,bsc v2_v3_route + v1_refresh; chain_bindings (exact source contract identities),
mainnet,kava,EVM,dst,V2,component-exact,evm_catalog_destination,
mainnet,kava,EVM,src,V301,family,"evm_source_events bsc (EndpointV2EvmSdk.getLZSentEvent, SendUln301); chain_bindings (exact source contract identities)",
mainnet,kava,EVM,dst,V301,component-exact,evm_catalog_destination,
mainnet,kava,EVM,src,V302,family,historical_smoke ethereum/sepolia; evm_signing_path uln_v3_verify; chain_bindings (exact source contract identities),
mainnet,kava,EVM,dst,V302,component-exact,evm_catalog_destination,
mainnet,kite,EVM,src,V2,family,bsc v2_v3_route + v1_refresh; chain_bindings (exact source contract identities),
mainnet,kite,EVM,dst,V2,component-exact,evm_catalog_destination,
mainnet,kite,EVM,src,V301,family,"evm_source_events bsc (EndpointV2EvmSdk.getLZSentEvent, SendUln301); chain_bindings (exact source contract identities)",
mainnet,kite,EVM,dst,V301,component-exact,evm_catalog_destination,
mainnet,kite,EVM,src,V302,family,historical_smoke ethereum/sepolia; evm_signing_path uln_v3_verify; chain_bindings (exact source contract identities),
mainnet,kite,EVM,dst,V302,component-exact,evm_catalog_destination,
mainnet,klaytn,EVM,src,V2,family,bsc v2_v3_route + v1_refresh; chain_bindings (exact source contract identities),
mainnet,klaytn,EVM,dst,V2,component-exact,evm_catalog_destination,
mainnet,klaytn,EVM,src,V301,family,"evm_source_events bsc (EndpointV2EvmSdk.getLZSentEvent, SendUln301); chain_bindings (exact source contract identities)",
mainnet,klaytn,EVM,dst,V301,component-exact,evm_catalog_destination,
mainnet,klaytn,EVM,src,V302,family,historical_smoke ethereum/sepolia; evm_signing_path uln_v3_verify; chain_bindings (exact source contract identities),
mainnet,klaytn,EVM,dst,V302,component-exact,evm_catalog_destination,
mainnet,lens,EVM,src,V2,family,bsc v2_v3_route + v1_refresh; chain_bindings (exact source contract identities),
mainnet,lens,EVM,dst,V2,component-exact,evm_catalog_destination,
mainnet,lens,EVM,src,V301,family,"evm_source_events bsc (EndpointV2EvmSdk.getLZSentEvent, SendUln301); chain_bindings (exact source contract identities)",
mainnet,lens,EVM,dst,V301,component-exact,evm_catalog_destination,
mainnet,lens,EVM,src,V302,family,historical_smoke ethereum/sepolia; evm_signing_path uln_v3_verify; chain_bindings (exact source contract identities),
mainnet,lens,EVM,dst,V302,component-exact,evm_catalog_destination,
mainnet,lisk,EVM,src,V2,family,bsc v2_v3_route + v1_refresh; chain_bindings (exact source contract identities),
mainnet,lisk,EVM,dst,V2,component-exact,evm_catalog_destination,
mainnet,lisk,EVM,src,V301,family,"evm_source_events bsc (EndpointV2EvmSdk.getLZSentEvent, SendUln301); chain_bindings (exact source contract identities)",
mainnet,lisk,EVM,dst,V301,component-exact,evm_catalog_destination,
mainnet,lisk,EVM,src,V302,family,historical_smoke ethereum/sepolia; evm_signing_path uln_v3_verify; chain_bindings (exact source contract identities),
mainnet,lisk,EVM,dst,V302,component-exact,evm_catalog_destination,
mainnet,lyra,EVM,src,V2,family,bsc v2_v3_route + v1_refresh; chain_bindings (exact source contract identities),
mainnet,lyra,EVM,dst,V2,component-exact,evm_catalog_destination,
mainnet,lyra,EVM,src,V301,family,"evm_source_events bsc (EndpointV2EvmSdk.getLZSentEvent, SendUln301); chain_bindings (exact source contract identities)",
mainnet,lyra,EVM,dst,V301,component-exact,evm_catalog_destination,
mainnet,lyra,EVM,src,V302,family,historical_smoke ethereum/sepolia; evm_signing_path uln_v3_verify; chain_bindings (exact source contract identities),
mainnet,lyra,EVM,dst,V302,component-exact,evm_catalog_destination,
mainnet,manta,EVM,src,V2,family,bsc v2_v3_route + v1_refresh; chain_bindings (exact source contract identities),
mainnet,manta,EVM,dst,V2,component-exact,evm_catalog_destination,
mainnet,manta,EVM,src,V301,family,"evm_source_events bsc (EndpointV2EvmSdk.getLZSentEvent, SendUln301); chain_bindings (exact source contract identities)",
mainnet,manta,EVM,dst,V301,component-exact,evm_catalog_destination,
mainnet,manta,EVM,src,V302,family,historical_smoke ethereum/sepolia; evm_signing_path uln_v3_verify; chain_bindings (exact source contract identities),
mainnet,manta,EVM,dst,V302,component-exact,evm_catalog_destination,
mainnet,mantle,EVM,src,V2,family,bsc v2_v3_route + v1_refresh; chain_bindings (exact source contract identities),
mainnet,mantle,EVM,dst,V2,component-exact,evm_catalog_destination,
mainnet,mantle,EVM,src,V301,family,"evm_source_events bsc (EndpointV2EvmSdk.getLZSentEvent, SendUln301); chain_bindings (exact source contract identities)",
mainnet,mantle,EVM,dst,V301,component-exact,evm_catalog_destination,
mainnet,mantle,EVM,src,V302,family,historical_smoke ethereum/sepolia; evm_signing_path uln_v3_verify; chain_bindings (exact source contract identities),
mainnet,mantle,EVM,dst,V302,component-exact,evm_catalog_destination,
mainnet,mantle,EVM,src,ReadV1002,family,evm_signing_path uln_read_v1002_verify; evm_source_events bsc; chain_bindings (exact source contract identities),
mainnet,mantle,EVM,dst,ReadV1002,component-exact,evm_catalog_destination,
mainnet,megaeth,EVM,src,V2,family,bsc v2_v3_route + v1_refresh; chain_bindings (exact source contract identities),
mainnet,megaeth,EVM,dst,V2,component-exact,evm_catalog_destination,
mainnet,megaeth,EVM,src,V301,family,"evm_source_events bsc (EndpointV2EvmSdk.getLZSentEvent, SendUln301); chain_bindings (exact source contract identities)",
mainnet,megaeth,EVM,dst,V301,component-exact,evm_catalog_destination,
mainnet,megaeth,EVM,src,V302,family,historical_smoke ethereum/sepolia; evm_signing_path uln_v3_verify; chain_bindings (exact source contract identities),
mainnet,megaeth,EVM,dst,V302,component-exact,evm_catalog_destination,
mainnet,memecore,EVM,src,V2,family,bsc v2_v3_route + v1_refresh; chain_bindings (exact source contract identities),
mainnet,memecore,EVM,dst,V2,component-exact,evm_catalog_destination,
mainnet,memecore,EVM,src,V301,family,"evm_source_events bsc (EndpointV2EvmSdk.getLZSentEvent, SendUln301); chain_bindings (exact source contract identities)",
mainnet,memecore,EVM,dst,V301,component-exact,evm_catalog_destination,
mainnet,memecore,EVM,src,V302,family,historical_smoke ethereum/sepolia; evm_signing_path uln_v3_verify; chain_bindings (exact source contract identities),
mainnet,memecore,EVM,dst,V302,component-exact,evm_catalog_destination,
mainnet,meritcircle,EVM,src,V2,family,bsc v2_v3_route + v1_refresh; chain_bindings (exact source contract identities),
mainnet,meritcircle,EVM,dst,V2,component-exact,evm_catalog_destination,
mainnet,meritcircle,EVM,src,V301,family,"evm_source_events bsc (EndpointV2EvmSdk.getLZSentEvent, SendUln301); chain_bindings (exact source contract identities)",
mainnet,meritcircle,EVM,dst,V301,component-exact,evm_catalog_destination,
mainnet,meritcircle,EVM,src,V302,family,historical_smoke ethereum/sepolia; evm_signing_path uln_v3_verify; chain_bindings (exact source contract identities),
mainnet,meritcircle,EVM,dst,V302,component-exact,evm_catalog_destination,
mainnet,metis,EVM,src,V2,family,bsc v2_v3_route + v1_refresh; chain_bindings (exact source contract identities),
mainnet,metis,EVM,dst,V2,component-exact,evm_catalog_destination,
mainnet,metis,EVM,src,V301,family,"evm_source_events bsc (EndpointV2EvmSdk.getLZSentEvent, SendUln301); chain_bindings (exact source contract identities)",
mainnet,metis,EVM,dst,V301,component-exact,evm_catalog_destination,
mainnet,metis,EVM,src,V302,family,historical_smoke ethereum/sepolia; evm_signing_path uln_v3_verify; chain_bindings (exact source contract identities),
mainnet,metis,EVM,dst,V302,component-exact,evm_catalog_destination,
mainnet,moca,EVM,src,V2,family,bsc v2_v3_route + v1_refresh; chain_bindings (exact source contract identities),
mainnet,moca,EVM,dst,V2,component-exact,evm_catalog_destination,
mainnet,moca,EVM,src,V301,family,"evm_source_events bsc (EndpointV2EvmSdk.getLZSentEvent, SendUln301); chain_bindings (exact source contract identities)",
mainnet,moca,EVM,dst,V301,component-exact,evm_catalog_destination,
mainnet,moca,EVM,src,V302,family,historical_smoke ethereum/sepolia; evm_signing_path uln_v3_verify; chain_bindings (exact source contract identities),
mainnet,moca,EVM,dst,V302,component-exact,evm_catalog_destination,
mainnet,mode,EVM,src,V2,family,bsc v2_v3_route + v1_refresh; chain_bindings (exact source contract identities),
mainnet,mode,EVM,dst,V2,component-exact,evm_catalog_destination,
mainnet,mode,EVM,src,V301,family,"evm_source_events bsc (EndpointV2EvmSdk.getLZSentEvent, SendUln301); chain_bindings (exact source contract identities)",
mainnet,mode,EVM,dst,V301,component-exact,evm_catalog_destination,
mainnet,mode,EVM,src,V302,family,historical_smoke ethereum/sepolia; evm_signing_path uln_v3_verify; chain_bindings (exact source contract identities),
mainnet,mode,EVM,dst,V302,component-exact,evm_catalog_destination,
mainnet,mode,EVM,src,ReadV1002,family,evm_signing_path uln_read_v1002_verify; evm_source_events bsc; chain_bindings (exact source contract identities),
mainnet,mode,EVM,dst,ReadV1002,component-exact,evm_catalog_destination,
mainnet,monad,EVM,src,V2,family,bsc v2_v3_route + v1_refresh; chain_bindings (exact source contract identities),
mainnet,monad,EVM,dst,V2,component-exact,evm_catalog_destination,
mainnet,monad,EVM,src,V301,family,"evm_source_events bsc (EndpointV2EvmSdk.getLZSentEvent, SendUln301); chain_bindings (exact source contract identities)",
mainnet,monad,EVM,dst,V301,component-exact,evm_catalog_destination,
mainnet,monad,EVM,src,V302,family,historical_smoke ethereum/sepolia; evm_signing_path uln_v3_verify; chain_bindings (exact source contract identities),
mainnet,monad,EVM,dst,V302,component-exact,evm_catalog_destination,
mainnet,morph,EVM,src,V2,family,bsc v2_v3_route + v1_refresh; chain_bindings (exact source contract identities),
mainnet,morph,EVM,dst,V2,component-exact,evm_catalog_destination,
mainnet,morph,EVM,src,V301,family,"evm_source_events bsc (EndpointV2EvmSdk.getLZSentEvent, SendUln301); chain_bindings (exact source contract identities)",
mainnet,morph,EVM,dst,V301,component-exact,evm_catalog_destination,
mainnet,morph,EVM,src,V302,family,historical_smoke ethereum/sepolia; evm_signing_path uln_v3_verify; chain_bindings (exact source contract identities),
mainnet,morph,EVM,dst,V302,component-exact,evm_catalog_destination,
mainnet,movement,APTOS,src,V302,component-exact,move_source_events (movement V302 rows exact),
mainnet,movement,APTOS,dst,V302,final-response,historical_smoke (production HTTP vs upstream startServer); non_evm_destination:V302=built,
mainnet,neox,EVM,src,V2,family,bsc v2_v3_route + v1_refresh; chain_bindings (exact source contract identities),
mainnet,neox,EVM,dst,V2,component-exact,evm_catalog_destination,
mainnet,neox,EVM,src,V301,family,"evm_source_events bsc (EndpointV2EvmSdk.getLZSentEvent, SendUln301); chain_bindings (exact source contract identities)",
mainnet,neox,EVM,dst,V301,component-exact,evm_catalog_destination,
mainnet,neox,EVM,src,V302,family,historical_smoke ethereum/sepolia; evm_signing_path uln_v3_verify; chain_bindings (exact source contract identities),
mainnet,neox,EVM,dst,V302,component-exact,evm_catalog_destination,
mainnet,nibiru,EVM,src,V2,family,bsc v2_v3_route + v1_refresh; chain_bindings (exact source contract identities),
mainnet,nibiru,EVM,dst,V2,component-exact,evm_catalog_destination,
mainnet,nibiru,EVM,src,V301,family,"evm_source_events bsc (EndpointV2EvmSdk.getLZSentEvent, SendUln301); chain_bindings (exact source contract identities)",
mainnet,nibiru,EVM,dst,V301,component-exact,evm_catalog_destination,
mainnet,nibiru,EVM,src,V302,family,historical_smoke ethereum/sepolia; evm_signing_path uln_v3_verify; chain_bindings (exact source contract identities),
mainnet,nibiru,EVM,dst,V302,component-exact,evm_catalog_destination,
mainnet,og,EVM,src,V2,family,bsc v2_v3_route + v1_refresh; chain_bindings (exact source contract identities),
mainnet,og,EVM,dst,V2,component-exact,evm_catalog_destination,
mainnet,og,EVM,src,V301,family,"evm_source_events bsc (EndpointV2EvmSdk.getLZSentEvent, SendUln301); chain_bindings (exact source contract identities)",
mainnet,og,EVM,dst,V301,component-exact,evm_catalog_destination,
mainnet,og,EVM,src,V302,family,historical_smoke ethereum/sepolia; evm_signing_path uln_v3_verify; chain_bindings (exact source contract identities),
mainnet,og,EVM,dst,V302,component-exact,evm_catalog_destination,
mainnet,onemoney,EVM,src,V2,family,bsc v2_v3_route + v1_refresh; chain_bindings (exact source contract identities),
mainnet,onemoney,EVM,dst,V2,component-exact,evm_catalog_destination,
mainnet,onemoney,EVM,src,V301,family,"evm_source_events bsc (EndpointV2EvmSdk.getLZSentEvent, SendUln301); chain_bindings (exact source contract identities)",
mainnet,onemoney,EVM,dst,V301,component-exact,evm_catalog_destination,
mainnet,onemoney,EVM,src,V302,family,historical_smoke ethereum/sepolia; evm_signing_path uln_v3_verify; chain_bindings (exact source contract identities),
mainnet,onemoney,EVM,dst,V302,component-exact,evm_catalog_destination,
mainnet,openledger,EVM,src,V2,family,bsc v2_v3_route + v1_refresh; chain_bindings (exact source contract identities),
mainnet,openledger,EVM,dst,V2,component-exact,evm_catalog_destination,
mainnet,openledger,EVM,src,V301,family,"evm_source_events bsc (EndpointV2EvmSdk.getLZSentEvent, SendUln301); chain_bindings (exact source contract identities)",
mainnet,openledger,EVM,dst,V301,component-exact,evm_catalog_destination,
mainnet,openledger,EVM,src,V302,family,historical_smoke ethereum/sepolia; evm_signing_path uln_v3_verify; chain_bindings (exact source contract identities),
mainnet,openledger,EVM,dst,V302,component-exact,evm_catalog_destination,
mainnet,opn,EVM,src,V301,family,"evm_source_events bsc (EndpointV2EvmSdk.getLZSentEvent, SendUln301); chain_bindings (exact source contract identities)",
mainnet,opn,EVM,dst,V301,component-exact,evm_catalog_destination,
mainnet,opn,EVM,src,V302,family,historical_smoke ethereum/sepolia; evm_signing_path uln_v3_verify; chain_bindings (exact source contract identities),
mainnet,opn,EVM,dst,V302,component-exact,evm_catalog_destination,
mainnet,optimism,EVM,src,V2,family,bsc v2_v3_route + v1_refresh; chain_bindings (exact source contract identities),
mainnet,optimism,EVM,dst,V2,component-exact,evm_catalog_destination,
mainnet,optimism,EVM,src,V301,family,"evm_source_events bsc (EndpointV2EvmSdk.getLZSentEvent, SendUln301); chain_bindings (exact source contract identities)",
mainnet,optimism,EVM,dst,V301,component-exact,evm_catalog_destination,
mainnet,optimism,EVM,src,V302,family,historical_smoke ethereum/sepolia; evm_signing_path uln_v3_verify; chain_bindings (exact source contract identities),
mainnet,optimism,EVM,dst,V302,component-exact,evm_catalog_destination,
mainnet,optimism,EVM,src,ReadV1002,family,evm_signing_path uln_read_v1002_verify; evm_source_events bsc; chain_bindings (exact source contract identities),
mainnet,optimism,EVM,dst,ReadV1002,component-exact,evm_catalog_destination,
mainnet,orderly,EVM,src,V2,family,bsc v2_v3_route + v1_refresh; chain_bindings (exact source contract identities),
mainnet,orderly,EVM,dst,V2,component-exact,evm_catalog_destination,
mainnet,orderly,EVM,src,V301,family,"evm_source_events bsc (EndpointV2EvmSdk.getLZSentEvent, SendUln301); chain_bindings (exact source contract identities)",
mainnet,orderly,EVM,dst,V301,component-exact,evm_catalog_destination,
mainnet,orderly,EVM,src,V302,family,historical_smoke ethereum/sepolia; evm_signing_path uln_v3_verify; chain_bindings (exact source contract identities),
mainnet,orderly,EVM,dst,V302,component-exact,evm_catalog_destination,
mainnet,peaq,EVM,src,V2,family,bsc v2_v3_route + v1_refresh; chain_bindings (exact source contract identities),
mainnet,peaq,EVM,dst,V2,component-exact,evm_catalog_destination,
mainnet,peaq,EVM,src,V301,family,"evm_source_events bsc (EndpointV2EvmSdk.getLZSentEvent, SendUln301); chain_bindings (exact source contract identities)",
mainnet,peaq,EVM,dst,V301,component-exact,evm_catalog_destination,
mainnet,peaq,EVM,src,V302,family,historical_smoke ethereum/sepolia; evm_signing_path uln_v3_verify; chain_bindings (exact source contract identities),
mainnet,peaq,EVM,dst,V302,component-exact,evm_catalog_destination,
mainnet,pharos,EVM,src,V2,family,bsc v2_v3_route + v1_refresh; chain_bindings (exact source contract identities),
mainnet,pharos,EVM,dst,V2,component-exact,evm_catalog_destination,
mainnet,pharos,EVM,src,V301,family,"evm_source_events bsc (EndpointV2EvmSdk.getLZSentEvent, SendUln301); chain_bindings (exact source contract identities)",
mainnet,pharos,EVM,dst,V301,component-exact,evm_catalog_destination,
mainnet,pharos,EVM,src,V302,family,historical_smoke ethereum/sepolia; evm_signing_path uln_v3_verify; chain_bindings (exact source contract identities),
mainnet,pharos,EVM,dst,V302,component-exact,evm_catalog_destination,
mainnet,plasma,EVM,src,V2,family,bsc v2_v3_route + v1_refresh; chain_bindings (exact source contract identities),
mainnet,plasma,EVM,dst,V2,component-exact,evm_catalog_destination,
mainnet,plasma,EVM,src,V301,family,"evm_source_events bsc (EndpointV2EvmSdk.getLZSentEvent, SendUln301); chain_bindings (exact source contract identities)",
mainnet,plasma,EVM,dst,V301,component-exact,evm_catalog_destination,
mainnet,plasma,EVM,src,V302,family,historical_smoke ethereum/sepolia; evm_signing_path uln_v3_verify; chain_bindings (exact source contract identities),
mainnet,plasma,EVM,dst,V302,component-exact,evm_catalog_destination,
mainnet,plasma,EVM,src,ReadV1002,family,evm_signing_path uln_read_v1002_verify; evm_source_events bsc; chain_bindings (exact source contract identities),
mainnet,plasma,EVM,dst,ReadV1002,component-exact,evm_catalog_destination,
mainnet,plumephoenix,EVM,src,V2,family,bsc v2_v3_route + v1_refresh; chain_bindings (exact source contract identities),
mainnet,plumephoenix,EVM,dst,V2,component-exact,evm_catalog_destination,
mainnet,plumephoenix,EVM,src,V301,family,"evm_source_events bsc (EndpointV2EvmSdk.getLZSentEvent, SendUln301); chain_bindings (exact source contract identities)",
mainnet,plumephoenix,EVM,dst,V301,component-exact,evm_catalog_destination,
mainnet,plumephoenix,EVM,src,V302,family,historical_smoke ethereum/sepolia; evm_signing_path uln_v3_verify; chain_bindings (exact source contract identities),
mainnet,plumephoenix,EVM,dst,V302,component-exact,evm_catalog_destination,
mainnet,plumephoenix,EVM,src,ReadV1002,family,evm_signing_path uln_read_v1002_verify; evm_source_events bsc; chain_bindings (exact source contract identities),
mainnet,plumephoenix,EVM,dst,ReadV1002,component-exact,evm_catalog_destination,
mainnet,polygon,EVM,src,V2,family,bsc v2_v3_route + v1_refresh; chain_bindings (exact source contract identities),
mainnet,polygon,EVM,dst,V2,component-exact,evm_catalog_destination,
mainnet,polygon,EVM,src,V301,family,"evm_source_events bsc (EndpointV2EvmSdk.getLZSentEvent, SendUln301); chain_bindings (exact source contract identities)",
mainnet,polygon,EVM,dst,V301,component-exact,evm_catalog_destination,
mainnet,polygon,EVM,src,V302,family,historical_smoke ethereum/sepolia; evm_signing_path uln_v3_verify; chain_bindings (exact source contract identities),
mainnet,polygon,EVM,dst,V302,final-response,historical_smoke (production HTTP vs upstream startServer); evm_catalog_destination,
mainnet,polygon,EVM,src,ReadV1002,family,evm_signing_path uln_read_v1002_verify; evm_source_events bsc; chain_bindings (exact source contract identities),
mainnet,polygon,EVM,dst,ReadV1002,component-exact,evm_catalog_destination,
mainnet,rayls,EVM,src,V2,family,bsc v2_v3_route + v1_refresh; chain_bindings (exact source contract identities),
mainnet,rayls,EVM,dst,V2,component-exact,evm_catalog_destination,
mainnet,rayls,EVM,src,V301,family,"evm_source_events bsc (EndpointV2EvmSdk.getLZSentEvent, SendUln301); chain_bindings (exact source contract identities)",
mainnet,rayls,EVM,dst,V301,component-exact,evm_catalog_destination,
mainnet,rayls,EVM,src,V302,family,historical_smoke ethereum/sepolia; evm_signing_path uln_v3_verify; chain_bindings (exact source contract identities),
mainnet,rayls,EVM,dst,V302,component-exact,evm_catalog_destination,
mainnet,redbelly,EVM,src,V2,family,bsc v2_v3_route + v1_refresh; chain_bindings (exact source contract identities),
mainnet,redbelly,EVM,dst,V2,component-exact,evm_catalog_destination,
mainnet,redbelly,EVM,src,V301,family,"evm_source_events bsc (EndpointV2EvmSdk.getLZSentEvent, SendUln301); chain_bindings (exact source contract identities)",
mainnet,redbelly,EVM,dst,V301,component-exact,evm_catalog_destination,
mainnet,redbelly,EVM,src,V302,family,historical_smoke ethereum/sepolia; evm_signing_path uln_v3_verify; chain_bindings (exact source contract identities),
mainnet,redbelly,EVM,dst,V302,component-exact,evm_catalog_destination,
mainnet,reya,EVM,src,V2,family,bsc v2_v3_route + v1_refresh; chain_bindings (exact source contract identities),
mainnet,reya,EVM,dst,V2,component-exact,evm_catalog_destination,
mainnet,reya,EVM,src,V301,family,"evm_source_events bsc (EndpointV2EvmSdk.getLZSentEvent, SendUln301); chain_bindings (exact source contract identities)",
mainnet,reya,EVM,dst,V301,component-exact,evm_catalog_destination,
mainnet,reya,EVM,src,V302,family,historical_smoke ethereum/sepolia; evm_signing_path uln_v3_verify; chain_bindings (exact source contract identities),
mainnet,reya,EVM,dst,V302,component-exact,evm_catalog_destination,
mainnet,rise,EVM,src,V2,family,bsc v2_v3_route + v1_refresh; chain_bindings (exact source contract identities),
mainnet,rise,EVM,dst,V2,component-exact,evm_catalog_destination,
mainnet,rise,EVM,src,V301,family,"evm_source_events bsc (EndpointV2EvmSdk.getLZSentEvent, SendUln301); chain_bindings (exact source contract identities)",
mainnet,rise,EVM,dst,V301,component-exact,evm_catalog_destination,
mainnet,rise,EVM,src,V302,family,historical_smoke ethereum/sepolia; evm_signing_path uln_v3_verify; chain_bindings (exact source contract identities),
mainnet,rise,EVM,dst,V302,component-exact,evm_catalog_destination,
mainnet,ritual,EVM,src,V2,family,bsc v2_v3_route + v1_refresh; chain_bindings (exact source contract identities),
mainnet,ritual,EVM,dst,V2,component-exact,evm_catalog_destination,
mainnet,ritual,EVM,src,V301,family,"evm_source_events bsc (EndpointV2EvmSdk.getLZSentEvent, SendUln301); chain_bindings (exact source contract identities)",
mainnet,ritual,EVM,dst,V301,component-exact,evm_catalog_destination,
mainnet,ritual,EVM,src,V302,family,historical_smoke ethereum/sepolia; evm_signing_path uln_v3_verify; chain_bindings (exact source contract identities),
mainnet,ritual,EVM,dst,V302,component-exact,evm_catalog_destination,
mainnet,robinhood,EVM,src,V2,family,bsc v2_v3_route + v1_refresh; chain_bindings (exact source contract identities),
mainnet,robinhood,EVM,dst,V2,component-exact,evm_catalog_destination,
mainnet,robinhood,EVM,src,V301,family,"evm_source_events bsc (EndpointV2EvmSdk.getLZSentEvent, SendUln301); chain_bindings (exact source contract identities)",
mainnet,robinhood,EVM,dst,V301,component-exact,evm_catalog_destination,
mainnet,robinhood,EVM,src,V302,family,historical_smoke ethereum/sepolia; evm_signing_path uln_v3_verify; chain_bindings (exact source contract identities),
mainnet,robinhood,EVM,dst,V302,component-exact,evm_catalog_destination,
mainnet,rootstock,EVM,src,V2,family,bsc v2_v3_route + v1_refresh; chain_bindings (exact source contract identities),
mainnet,rootstock,EVM,dst,V2,component-exact,evm_catalog_destination,
mainnet,rootstock,EVM,src,V301,family,"evm_source_events bsc (EndpointV2EvmSdk.getLZSentEvent, SendUln301); chain_bindings (exact source contract identities)",
mainnet,rootstock,EVM,dst,V301,component-exact,evm_catalog_destination,
mainnet,rootstock,EVM,src,V302,family,historical_smoke ethereum/sepolia; evm_signing_path uln_v3_verify; chain_bindings (exact source contract identities),
mainnet,rootstock,EVM,dst,V302,component-exact,evm_catalog_destination,
mainnet,scroll,EVM,src,V2,family,bsc v2_v3_route + v1_refresh; chain_bindings (exact source contract identities),
mainnet,scroll,EVM,dst,V2,component-exact,evm_catalog_destination,
mainnet,scroll,EVM,src,V301,family,"evm_source_events bsc (EndpointV2EvmSdk.getLZSentEvent, SendUln301); chain_bindings (exact source contract identities)",
mainnet,scroll,EVM,dst,V301,component-exact,evm_catalog_destination,
mainnet,scroll,EVM,src,V302,family,historical_smoke ethereum/sepolia; evm_signing_path uln_v3_verify; chain_bindings (exact source contract identities),
mainnet,scroll,EVM,dst,V302,component-exact,evm_catalog_destination,
mainnet,scroll,EVM,src,ReadV1002,family,evm_signing_path uln_read_v1002_verify; evm_source_events bsc; chain_bindings (exact source contract identities),
mainnet,scroll,EVM,dst,ReadV1002,component-exact,evm_catalog_destination,
mainnet,sei,EVM,src,V2,family,bsc v2_v3_route + v1_refresh; chain_bindings (exact source contract identities),
mainnet,sei,EVM,dst,V2,component-exact,evm_catalog_destination,
mainnet,sei,EVM,src,V301,family,"evm_source_events bsc (EndpointV2EvmSdk.getLZSentEvent, SendUln301); chain_bindings (exact source contract identities)",
mainnet,sei,EVM,dst,V301,component-exact,evm_catalog_destination,
mainnet,sei,EVM,src,V302,family,historical_smoke ethereum/sepolia; evm_signing_path uln_v3_verify; chain_bindings (exact source contract identities),
mainnet,sei,EVM,dst,V302,component-exact,evm_catalog_destination,
mainnet,sei,EVM,src,ReadV1002,family,evm_signing_path uln_read_v1002_verify; evm_source_events bsc; chain_bindings (exact source contract identities),
mainnet,sei,EVM,dst,ReadV1002,component-exact,evm_catalog_destination,
mainnet,sepolia,EVM,src,V2,family,bsc v2_v3_route + v1_refresh,
mainnet,sepolia,EVM,dst,V2,component-exact,evm_catalog_destination,
mainnet,solana,SOLANA,src,V302,component-exact,source_replay solana,
mainnet,solana,SOLANA,dst,V302,final-response,historical_smoke (production HTTP vs upstream startServer); non_evm_destination:V302=refused; non_evm_destination:V302:withDvnAddress=built,signer address compared with a local mnemonic; Azure has no 1.2.66 reference (C2)
mainnet,somnia,EVM,src,V2,family,bsc v2_v3_route + v1_refresh; chain_bindings (exact source contract identities),
mainnet,somnia,EVM,dst,V2,component-exact,evm_catalog_destination,
mainnet,somnia,EVM,src,V301,family,"evm_source_events bsc (EndpointV2EvmSdk.getLZSentEvent, SendUln301); chain_bindings (exact source contract identities)",
mainnet,somnia,EVM,dst,V301,component-exact,evm_catalog_destination,
mainnet,somnia,EVM,src,V302,family,historical_smoke ethereum/sepolia; evm_signing_path uln_v3_verify; chain_bindings (exact source contract identities),
mainnet,somnia,EVM,dst,V302,component-exact,evm_catalog_destination,
mainnet,soneium,EVM,src,V2,family,bsc v2_v3_route + v1_refresh; chain_bindings (exact source contract identities),
mainnet,soneium,EVM,dst,V2,component-exact,evm_catalog_destination,
mainnet,soneium,EVM,src,V301,family,"evm_source_events bsc (EndpointV2EvmSdk.getLZSentEvent, SendUln301); chain_bindings (exact source contract identities)",
mainnet,soneium,EVM,dst,V301,component-exact,evm_catalog_destination,
mainnet,soneium,EVM,src,V302,family,historical_smoke ethereum/sepolia; evm_signing_path uln_v3_verify; chain_bindings (exact source contract identities),
mainnet,soneium,EVM,dst,V302,component-exact,evm_catalog_destination,
mainnet,soneium,EVM,src,ReadV1002,family,evm_signing_path uln_read_v1002_verify; evm_source_events bsc; chain_bindings (exact source contract identities),
mainnet,soneium,EVM,dst,ReadV1002,component-exact,evm_catalog_destination,
mainnet,sonic,EVM,src,V2,family,bsc v2_v3_route + v1_refresh; chain_bindings (exact source contract identities),
mainnet,sonic,EVM,dst,V2,component-exact,evm_catalog_destination,
mainnet,sonic,EVM,src,V301,family,"evm_source_events bsc (EndpointV2EvmSdk.getLZSentEvent, SendUln301); chain_bindings (exact source contract identities)",
mainnet,sonic,EVM,dst,V301,component-exact,evm_catalog_destination,
mainnet,sonic,EVM,src,V302,family,historical_smoke ethereum/sepolia; evm_signing_path uln_v3_verify; chain_bindings (exact source contract identities),
mainnet,sonic,EVM,dst,V302,component-exact,evm_catalog_destination,
mainnet,sonic,EVM,src,ReadV1002,family,evm_signing_path uln_read_v1002_verify; evm_source_events bsc; chain_bindings (exact source contract identities),
mainnet,sonic,EVM,dst,ReadV1002,component-exact,evm_catalog_destination,
mainnet,stable,EVM,src,V2,family,bsc v2_v3_route + v1_refresh; chain_bindings (exact source contract identities),
mainnet,stable,EVM,dst,V2,component-exact,evm_catalog_destination,
mainnet,stable,EVM,src,V301,family,"evm_source_events bsc (EndpointV2EvmSdk.getLZSentEvent, SendUln301); chain_bindings (exact source contract identities)",
mainnet,stable,EVM,dst,V301,component-exact,evm_catalog_destination,
mainnet,stable,EVM,src,V302,family,historical_smoke ethereum/sepolia; evm_signing_path uln_v3_verify; chain_bindings (exact source contract identities),
mainnet,stable,EVM,dst,V302,component-exact,evm_catalog_destination,
mainnet,starknet,STARKNET,src,V302,component-exact,"starknet_source_events (23: 22 exact, 1 stricter)",
mainnet,starknet,STARKNET,dst,V302,final-response,historical_smoke (production HTTP vs upstream startServer); non_evm_destination:V302=built; non_evm_destination:V302:withDvnAddress=built,
mainnet,stellar,STELLAR,src,V302,component-exact,"stellar_source_events (20: 18 exact, 2 stricter)",
mainnet,stellar,STELLAR,dst,V302,final-response,historical_smoke (production HTTP vs upstream startServer),
mainnet,story,EVM,src,V2,family,bsc v2_v3_route + v1_refresh; chain_bindings (exact source contract identities),
mainnet,story,EVM,dst,V2,component-exact,evm_catalog_destination,
mainnet,story,EVM,src,V301,family,"evm_source_events bsc (EndpointV2EvmSdk.getLZSentEvent, SendUln301); chain_bindings (exact source contract identities)",
mainnet,story,EVM,dst,V301,component-exact,evm_catalog_destination,
mainnet,story,EVM,src,V302,family,historical_smoke ethereum/sepolia; evm_signing_path uln_v3_verify; chain_bindings (exact source contract identities),
mainnet,story,EVM,dst,V302,component-exact,evm_catalog_destination,
mainnet,story,EVM,src,ReadV1002,family,evm_signing_path uln_read_v1002_verify; evm_source_events bsc; chain_bindings (exact source contract identities),
mainnet,story,EVM,dst,ReadV1002,component-exact,evm_catalog_destination,
mainnet,subtensorevm,EVM,src,V2,family,bsc v2_v3_route + v1_refresh; chain_bindings (exact source contract identities),
mainnet,subtensorevm,EVM,dst,V2,component-exact,evm_catalog_destination,
mainnet,subtensorevm,EVM,src,V301,family,"evm_source_events bsc (EndpointV2EvmSdk.getLZSentEvent, SendUln301); chain_bindings (exact source contract identities)",
mainnet,subtensorevm,EVM,dst,V301,component-exact,evm_catalog_destination,
mainnet,subtensorevm,EVM,src,V302,family,historical_smoke ethereum/sepolia; evm_signing_path uln_v3_verify; chain_bindings (exact source contract identities),
mainnet,subtensorevm,EVM,dst,V302,component-exact,evm_catalog_destination,
mainnet,sui,SUI,src,V302,component-exact,"sui_source_events (42: 34 exact, 8 stricter)",
mainnet,sui,SUI,dst,V302,final-response,historical_smoke (production HTTP vs upstream startServer); non_evm_destination:V302=built,
mainnet,tac,EVM,src,V2,family,bsc v2_v3_route + v1_refresh; chain_bindings (exact source contract identities),
mainnet,tac,EVM,dst,V2,component-exact,evm_catalog_destination,
mainnet,tac,EVM,src,V301,family,"evm_source_events bsc (EndpointV2EvmSdk.getLZSentEvent, SendUln301); chain_bindings (exact source contract identities)",
mainnet,tac,EVM,dst,V301,component-exact,evm_catalog_destination,
mainnet,tac,EVM,src,V302,family,historical_smoke ethereum/sepolia; evm_signing_path uln_v3_verify; chain_bindings (exact source contract identities),
mainnet,tac,EVM,dst,V302,component-exact,evm_catalog_destination,
mainnet,telos,EVM,src,V2,family,bsc v2_v3_route + v1_refresh; chain_bindings (exact source contract identities),
mainnet,telos,EVM,dst,V2,component-exact,evm_catalog_destination,
mainnet,telos,EVM,src,V301,family,"evm_source_events bsc (EndpointV2EvmSdk.getLZSentEvent, SendUln301); chain_bindings (exact source contract identities)",
mainnet,telos,EVM,dst,V301,component-exact,evm_catalog_destination,
mainnet,telos,EVM,src,V302,family,historical_smoke ethereum/sepolia; evm_signing_path uln_v3_verify; chain_bindings (exact source contract identities),
mainnet,telos,EVM,dst,V302,component-exact,evm_catalog_destination,
mainnet,tempo,EVM,src,V2,family,bsc v2_v3_route + v1_refresh; chain_bindings (exact source contract identities),
mainnet,tempo,EVM,dst,V2,component-exact,evm_catalog_destination,
mainnet,tempo,EVM,src,V301,family,"evm_source_events bsc (EndpointV2EvmSdk.getLZSentEvent, SendUln301); chain_bindings (exact source contract identities)",
mainnet,tempo,EVM,dst,V301,component-exact,evm_catalog_destination,
mainnet,tempo,EVM,src,V302,family,historical_smoke ethereum/sepolia; evm_signing_path uln_v3_verify; chain_bindings (exact source contract identities),
mainnet,tempo,EVM,dst,V302,component-exact,evm_catalog_destination,
mainnet,ton,TON,src,V302,component-exact,source_replay ton + ton-trace-quorum,
mainnet,ton,TON,dst,V302,final-response,historical_smoke (production HTTP vs upstream startServer); non_evm_destination:V302=refused; non_evm_destination:V302:withDvnAddress=refused,
mainnet,tron,TRON,src,V2,family,EVM resolver (TRON runs the EVM PacketSent path); bsc v2_v3_route + v1_refresh; chain_bindings (exact source contract identities),
mainnet,tron,TRON,dst,V2,component-exact,evm_catalog_destination,
mainnet,tron,TRON,src,V301,family,"EVM resolver (TRON runs the EVM PacketSent path); evm_source_events bsc (EndpointV2EvmSdk.getLZSentEvent, SendUln301); chain_bindings (exact source contract identities)",
mainnet,tron,TRON,dst,V301,component-exact,evm_catalog_destination,
mainnet,tron,TRON,src,V302,component-exact,source_replay tron,
mainnet,tron,TRON,dst,V302,final-response,historical_smoke (production HTTP vs upstream startServer); evm_catalog_destination,
mainnet,unichain,EVM,src,V2,family,bsc v2_v3_route + v1_refresh; chain_bindings (exact source contract identities),
mainnet,unichain,EVM,dst,V2,component-exact,evm_catalog_destination,
mainnet,unichain,EVM,src,V301,family,"evm_source_events bsc (EndpointV2EvmSdk.getLZSentEvent, SendUln301); chain_bindings (exact source contract identities)",
mainnet,unichain,EVM,dst,V301,component-exact,evm_catalog_destination,
mainnet,unichain,EVM,src,V302,family,historical_smoke ethereum/sepolia; evm_signing_path uln_v3_verify; chain_bindings (exact source contract identities),
mainnet,unichain,EVM,dst,V302,component-exact,evm_catalog_destination,
mainnet,unichain,EVM,src,ReadV1002,family,evm_signing_path uln_read_v1002_verify; evm_source_events bsc; chain_bindings (exact source contract identities),
mainnet,unichain,EVM,dst,ReadV1002,component-exact,evm_catalog_destination,
mainnet,worldchain,EVM,src,V2,family,bsc v2_v3_route + v1_refresh; chain_bindings (exact source contract identities),
mainnet,worldchain,EVM,dst,V2,component-exact,evm_catalog_destination,
mainnet,worldchain,EVM,src,V301,family,"evm_source_events bsc (EndpointV2EvmSdk.getLZSentEvent, SendUln301); chain_bindings (exact source contract identities)",
mainnet,worldchain,EVM,dst,V301,component-exact,evm_catalog_destination,
mainnet,worldchain,EVM,src,V302,family,historical_smoke ethereum/sepolia; evm_signing_path uln_v3_verify; chain_bindings (exact source contract identities),
mainnet,worldchain,EVM,dst,V302,component-exact,evm_catalog_destination,
mainnet,worldchain,EVM,src,ReadV1002,family,evm_signing_path uln_read_v1002_verify; evm_source_events bsc; chain_bindings (exact source contract identities),
mainnet,worldchain,EVM,dst,ReadV1002,component-exact,evm_catalog_destination,
mainnet,xdc,EVM,src,V2,family,bsc v2_v3_route + v1_refresh; chain_bindings (exact source contract identities),
mainnet,xdc,EVM,dst,V2,component-exact,evm_catalog_destination,
mainnet,xdc,EVM,src,V301,family,"evm_source_events bsc (EndpointV2EvmSdk.getLZSentEvent, SendUln301); chain_bindings (exact source contract identities)",
mainnet,xdc,EVM,dst,V301,component-exact,evm_catalog_destination,
mainnet,xdc,EVM,src,V302,family,historical_smoke ethereum/sepolia; evm_signing_path uln_v3_verify; chain_bindings (exact source contract identities),
mainnet,xdc,EVM,dst,V302,component-exact,evm_catalog_destination,
mainnet,xlayer,EVM,src,V2,family,bsc v2_v3_route + v1_refresh; chain_bindings (exact source contract identities),
mainnet,xlayer,EVM,dst,V2,component-exact,evm_catalog_destination,
mainnet,xlayer,EVM,src,V301,family,"evm_source_events bsc (EndpointV2EvmSdk.getLZSentEvent, SendUln301); chain_bindings (exact source contract identities)",
mainnet,xlayer,EVM,dst,V301,component-exact,evm_catalog_destination,
mainnet,xlayer,EVM,src,V302,family,historical_smoke ethereum/sepolia; evm_signing_path uln_v3_verify; chain_bindings (exact source contract identities),
mainnet,xlayer,EVM,dst,V302,component-exact,evm_catalog_destination,
mainnet,zama,EVM,src,V2,family,bsc v2_v3_route + v1_refresh; chain_bindings (exact source contract identities),
mainnet,zama,EVM,dst,V2,component-exact,evm_catalog_destination,
mainnet,zama,EVM,src,V301,family,"evm_source_events bsc (EndpointV2EvmSdk.getLZSentEvent, SendUln301); chain_bindings (exact source contract identities)",
mainnet,zama,EVM,dst,V301,component-exact,evm_catalog_destination,
mainnet,zama,EVM,src,V302,family,historical_smoke ethereum/sepolia; evm_signing_path uln_v3_verify; chain_bindings (exact source contract identities),
mainnet,zama,EVM,dst,V302,component-exact,evm_catalog_destination,
mainnet,zircuit,EVM,src,V2,family,bsc v2_v3_route + v1_refresh; chain_bindings (exact source contract identities),
mainnet,zircuit,EVM,dst,V2,component-exact,evm_catalog_destination,
mainnet,zircuit,EVM,src,V301,family,"evm_source_events bsc (EndpointV2EvmSdk.getLZSentEvent, SendUln301); chain_bindings (exact source contract identities)",
mainnet,zircuit,EVM,dst,V301,component-exact,evm_catalog_destination,
mainnet,zircuit,EVM,src,V302,family,historical_smoke ethereum/sepolia; evm_signing_path uln_v3_verify; chain_bindings (exact source contract identities),
mainnet,zircuit,EVM,dst,V302,component-exact,evm_catalog_destination,
mainnet,zkconsensys,EVM,src,V2,family,bsc v2_v3_route + v1_refresh; chain_bindings (exact source contract identities),
mainnet,zkconsensys,EVM,dst,V2,component-exact,evm_catalog_destination,
mainnet,zkconsensys,EVM,src,V301,family,"evm_source_events bsc (EndpointV2EvmSdk.getLZSentEvent, SendUln301); chain_bindings (exact source contract identities)",
mainnet,zkconsensys,EVM,dst,V301,component-exact,evm_catalog_destination,
mainnet,zkconsensys,EVM,src,V302,family,historical_smoke ethereum/sepolia; evm_signing_path uln_v3_verify; chain_bindings (exact source contract identities),
mainnet,zkconsensys,EVM,dst,V302,component-exact,evm_catalog_destination,
mainnet,zkconsensys,EVM,src,ReadV1002,family,evm_signing_path uln_read_v1002_verify; evm_source_events bsc; chain_bindings (exact source contract identities),
mainnet,zkconsensys,EVM,dst,ReadV1002,component-exact,evm_catalog_destination,
mainnet,zksync,EVM,src,V2,family,bsc v2_v3_route + v1_refresh; chain_bindings (exact source contract identities),
mainnet,zksync,EVM,dst,V2,component-exact,evm_catalog_destination,
mainnet,zksync,EVM,src,V301,family,"evm_source_events bsc (EndpointV2EvmSdk.getLZSentEvent, SendUln301); chain_bindings (exact source contract identities)",
mainnet,zksync,EVM,dst,V301,component-exact,evm_catalog_destination,
mainnet,zksync,EVM,src,V302,family,historical_smoke ethereum/sepolia; evm_signing_path uln_v3_verify; chain_bindings (exact source contract identities),
mainnet,zksync,EVM,dst,V302,component-exact,evm_catalog_destination,
mainnet,zksync,EVM,src,ReadV1002,family,evm_signing_path uln_read_v1002_verify; evm_source_events bsc; chain_bindings (exact source contract identities),
mainnet,zksync,EVM,dst,ReadV1002,component-exact,evm_catalog_destination,
mainnet,zkverify,EVM,src,V2,family,bsc v2_v3_route + v1_refresh; chain_bindings (exact source contract identities),
mainnet,zkverify,EVM,dst,V2,component-exact,evm_catalog_destination,
mainnet,zkverify,EVM,src,V301,family,"evm_source_events bsc (EndpointV2EvmSdk.getLZSentEvent, SendUln301); chain_bindings (exact source contract identities)",
mainnet,zkverify,EVM,dst,V301,component-exact,evm_catalog_destination,
mainnet,zkverify,EVM,src,V302,family,historical_smoke ethereum/sepolia; evm_signing_path uln_v3_verify; chain_bindings (exact source contract identities),
mainnet,zkverify,EVM,dst,V302,component-exact,evm_catalog_destination,
testnet,abstract,EVM,src,V2,family,bsc v2_v3_route + v1_refresh; chain_bindings (exact source contract identities),
testnet,abstract,EVM,dst,V2,component-exact,evm_catalog_destination,
testnet,abstract,EVM,src,V301,family,"evm_source_events bsc (EndpointV2EvmSdk.getLZSentEvent, SendUln301); chain_bindings (exact source contract identities)",
testnet,abstract,EVM,dst,V301,component-exact,evm_catalog_destination,
testnet,abstract,EVM,src,V302,family,historical_smoke ethereum/sepolia; evm_signing_path uln_v3_verify; chain_bindings (exact source contract identities),
testnet,abstract,EVM,dst,V302,component-exact,evm_catalog_destination,
testnet,adi,EVM,src,V2,family,bsc v2_v3_route + v1_refresh; chain_bindings (exact source contract identities),
testnet,adi,EVM,dst,V2,component-exact,evm_catalog_destination,
testnet,adi,EVM,src,V301,family,"evm_source_events bsc (EndpointV2EvmSdk.getLZSentEvent, SendUln301); chain_bindings (exact source contract identities)",
testnet,adi,EVM,dst,V301,component-exact,evm_catalog_destination,
testnet,adi,EVM,src,V302,family,historical_smoke ethereum/sepolia; evm_signing_path uln_v3_verify; chain_bindings (exact source contract identities),
testnet,adi,EVM,dst,V302,component-exact,evm_catalog_destination,
testnet,adiri,EVM,src,V2,family,bsc v2_v3_route + v1_refresh; chain_bindings (exact source contract identities),
testnet,adiri,EVM,dst,V2,component-exact,evm_catalog_destination,
testnet,adiri,EVM,src,V301,family,"evm_source_events bsc (EndpointV2EvmSdk.getLZSentEvent, SendUln301); chain_bindings (exact source contract identities)",
testnet,adiri,EVM,dst,V301,component-exact,evm_catalog_destination,
testnet,adiri,EVM,src,V302,family,historical_smoke ethereum/sepolia; evm_signing_path uln_v3_verify; chain_bindings (exact source contract identities),
testnet,adiri,EVM,dst,V302,component-exact,evm_catalog_destination,
testnet,alpen,EVM,src,V302,upstream-unsupported,,"1.2.66 throws for every contract role of this chain (chain_bindings); both refuse, texts differ; not parity"
testnet,alpen,EVM,dst,V302,upstream-unsupported,,"1.2.66 throws for every contract role of this chain (chain_bindings); both refuse, texts differ; not parity"
testnet,amoy,EVM,src,V2,family,bsc v2_v3_route + v1_refresh; chain_bindings (exact source contract identities),
testnet,amoy,EVM,dst,V2,component-exact,evm_catalog_destination,
testnet,amoy,EVM,src,V301,family,"evm_source_events bsc (EndpointV2EvmSdk.getLZSentEvent, SendUln301); chain_bindings (exact source contract identities)",
testnet,amoy,EVM,dst,V301,component-exact,evm_catalog_destination,
testnet,amoy,EVM,src,V302,family,historical_smoke ethereum/sepolia; evm_signing_path uln_v3_verify; chain_bindings (exact source contract identities),
testnet,amoy,EVM,dst,V302,component-exact,evm_catalog_destination,
testnet,anubis,EVM,src,V2,family,bsc v2_v3_route + v1_refresh; chain_bindings (exact source contract identities),
testnet,anubis,EVM,dst,V2,component-exact,evm_catalog_destination,
testnet,anubis,EVM,src,V301,family,"evm_source_events bsc (EndpointV2EvmSdk.getLZSentEvent, SendUln301); chain_bindings (exact source contract identities)",
testnet,anubis,EVM,dst,V301,component-exact,evm_catalog_destination,
testnet,anubis,EVM,src,V302,family,historical_smoke ethereum/sepolia; evm_signing_path uln_v3_verify; chain_bindings (exact source contract identities),
testnet,anubis,EVM,dst,V302,component-exact,evm_catalog_destination,
testnet,apexfusionnexus,EVM,src,V2,family,bsc v2_v3_route + v1_refresh; chain_bindings (exact source contract identities),
testnet,apexfusionnexus,EVM,dst,V2,component-exact,evm_catalog_destination,
testnet,apexfusionnexus,EVM,src,V301,family,"evm_source_events bsc (EndpointV2EvmSdk.getLZSentEvent, SendUln301); chain_bindings (exact source contract identities)",
testnet,apexfusionnexus,EVM,dst,V301,component-exact,evm_catalog_destination,
testnet,apexfusionnexus,EVM,src,V302,family,historical_smoke ethereum/sepolia; evm_signing_path uln_v3_verify; chain_bindings (exact source contract identities),
testnet,apexfusionnexus,EVM,dst,V302,component-exact,evm_catalog_destination,
testnet,aptos,APTOS,src,V2,family,"same chain, another environment - mainnet: aptos_v1_source + v1_refresh",
testnet,aptos,APTOS,dst,V2,component-exact,non_evm_destination:V2=refused; aptos_ulnv2_destination: production HTTP vs upstream routing/feather/builder/signer components (on-chain acceptance not observed),
testnet,aptos,APTOS,src,V301,family,"same chain, another environment - mainnet: aptos_v301_source (recorded mainnet send)",
testnet,aptos,APTOS,dst,V301,component-exact,non_evm_destination:V301=built,
testnet,aptos,APTOS,src,V302,family,"same chain, another environment - mainnet: move_source_events (36 scenarios: 28 exact, 8 movement V301 stricter)",
testnet,aptos,APTOS,dst,V302,component-exact,non_evm_destination:V302=built,
testnet,arbsep,EVM,src,V2,family,bsc v2_v3_route + v1_refresh; chain_bindings (exact source contract identities),
testnet,arbsep,EVM,dst,V2,component-exact,evm_catalog_destination,
testnet,arbsep,EVM,src,V301,family,"evm_source_events bsc (EndpointV2EvmSdk.getLZSentEvent, SendUln301); chain_bindings (exact source contract identities)",
testnet,arbsep,EVM,dst,V301,component-exact,evm_catalog_destination,
testnet,arbsep,EVM,src,V302,family,historical_smoke ethereum/sepolia; evm_signing_path uln_v3_verify; chain_bindings (exact source contract identities),
testnet,arbsep,EVM,dst,V302,component-exact,evm_catalog_destination,
testnet,arbsep,EVM,src,ReadV1002,family,evm_signing_path uln_read_v1002_verify; evm_source_events bsc; chain_bindings (exact source contract identities),
testnet,arbsep,EVM,dst,ReadV1002,component-exact,evm_catalog_destination,
testnet,arc,EVM,src,V2,family,bsc v2_v3_route + v1_refresh; chain_bindings (exact source contract identities),
testnet,arc,EVM,dst,V2,component-exact,evm_catalog_destination,
testnet,arc,EVM,src,V301,family,"evm_source_events bsc (EndpointV2EvmSdk.getLZSentEvent, SendUln301); chain_bindings (exact source contract identities)",
testnet,arc,EVM,dst,V301,component-exact,evm_catalog_destination,
testnet,arc,EVM,src,V302,family,historical_smoke ethereum/sepolia; evm_signing_path uln_v3_verify; chain_bindings (exact source contract identities),
testnet,arc,EVM,dst,V302,component-exact,evm_catalog_destination,
testnet,astar,EVM,src,V2,family,bsc v2_v3_route + v1_refresh; chain_bindings (exact source contract identities),
testnet,astar,EVM,dst,V2,component-exact,evm_catalog_destination,
testnet,astar,EVM,src,V301,family,"evm_source_events bsc (EndpointV2EvmSdk.getLZSentEvent, SendUln301); chain_bindings (exact source contract identities)",
testnet,astar,EVM,dst,V301,component-exact,evm_catalog_destination,
testnet,astar,EVM,src,V302,family,historical_smoke ethereum/sepolia; evm_signing_path uln_v3_verify; chain_bindings (exact source contract identities),
testnet,astar,EVM,dst,V302,component-exact,evm_catalog_destination,
testnet,atlanticocean,EVM,src,V2,family,bsc v2_v3_route + v1_refresh; chain_bindings (exact source contract identities),
testnet,atlanticocean,EVM,dst,V2,component-exact,evm_catalog_destination,
testnet,atlanticocean,EVM,src,V301,family,"evm_source_events bsc (EndpointV2EvmSdk.getLZSentEvent, SendUln301); chain_bindings (exact source contract identities)",
testnet,atlanticocean,EVM,dst,V301,component-exact,evm_catalog_destination,
testnet,atlanticocean,EVM,src,V302,family,historical_smoke ethereum/sepolia; evm_signing_path uln_v3_verify; chain_bindings (exact source contract identities),
testnet,atlanticocean,EVM,dst,V302,component-exact,evm_catalog_destination,
testnet,ault,EVM,src,V2,family,bsc v2_v3_route + v1_refresh; chain_bindings (exact source contract identities),
testnet,ault,EVM,dst,V2,component-exact,evm_catalog_destination,
testnet,ault,EVM,src,V301,family,"evm_source_events bsc (EndpointV2EvmSdk.getLZSentEvent, SendUln301); chain_bindings (exact source contract identities)",
testnet,ault,EVM,dst,V301,component-exact,evm_catalog_destination,
testnet,ault,EVM,src,V302,family,historical_smoke ethereum/sepolia; evm_signing_path uln_v3_verify; chain_bindings (exact source contract identities),
testnet,ault,EVM,dst,V302,component-exact,evm_catalog_destination,
testnet,avalanche,EVM,src,V2,family,bsc v2_v3_route + v1_refresh; chain_bindings (exact source contract identities),
testnet,avalanche,EVM,dst,V2,component-exact,evm_catalog_destination,
testnet,avalanche,EVM,src,V301,family,"evm_source_events bsc (EndpointV2EvmSdk.getLZSentEvent, SendUln301); chain_bindings (exact source contract identities)",
testnet,avalanche,EVM,dst,V301,component-exact,evm_catalog_destination,
testnet,avalanche,EVM,src,V302,family,historical_smoke ethereum/sepolia; evm_signing_path uln_v3_verify; chain_bindings (exact source contract identities),
testnet,avalanche,EVM,dst,V302,component-exact,evm_catalog_destination,
testnet,bahamut,EVM,src,V2,family,bsc v2_v3_route + v1_refresh; chain_bindings (exact source contract identities),
testnet,bahamut,EVM,dst,V2,component-exact,evm_catalog_destination,
testnet,bahamut,EVM,src,V301,family,"evm_source_events bsc (EndpointV2EvmSdk.getLZSentEvent, SendUln301); chain_bindings (exact source contract identities)",
testnet,bahamut,EVM,dst,V301,component-exact,evm_catalog_destination,
testnet,bahamut,EVM,src,V302,family,historical_smoke ethereum/sepolia; evm_signing_path uln_v3_verify; chain_bindings (exact source contract identities),
testnet,bahamut,EVM,dst,V302,component-exact,evm_catalog_destination,
testnet,basesep,EVM,src,V2,family,bsc v2_v3_route + v1_refresh; chain_bindings (exact source contract identities),
testnet,basesep,EVM,dst,V2,component-exact,evm_catalog_destination,
testnet,basesep,EVM,src,V301,family,"evm_source_events bsc (EndpointV2EvmSdk.getLZSentEvent, SendUln301); chain_bindings (exact source contract identities)",
testnet,basesep,EVM,dst,V301,component-exact,evm_catalog_destination,
testnet,basesep,EVM,src,V302,family,historical_smoke ethereum/sepolia; evm_signing_path uln_v3_verify; chain_bindings (exact source contract identities),
testnet,basesep,EVM,dst,V302,final-response,historical_smoke (production HTTP vs upstream startServer); evm_catalog_destination,
testnet,basesep,EVM,src,ReadV1002,family,evm_signing_path uln_read_v1002_verify; evm_source_events bsc; chain_bindings (exact source contract identities),
testnet,basesep,EVM,dst,ReadV1002,component-exact,evm_catalog_destination,
testnet,bepolia,EVM,src,V2,family,bsc v2_v3_route + v1_refresh; chain_bindings (exact source contract identities),
testnet,bepolia,EVM,dst,V2,component-exact,evm_catalog_destination,
testnet,bepolia,EVM,src,V301,family,"evm_source_events bsc (EndpointV2EvmSdk.getLZSentEvent, SendUln301); chain_bindings (exact source contract identities)",
testnet,bepolia,EVM,dst,V301,component-exact,evm_catalog_destination,
testnet,bepolia,EVM,src,V302,family,historical_smoke ethereum/sepolia; evm_signing_path uln_v3_verify; chain_bindings (exact source contract identities),
testnet,bepolia,EVM,dst,V302,component-exact,evm_catalog_destination,
testnet,bevm,EVM,src,V2,family,bsc v2_v3_route + v1_refresh; chain_bindings (exact source contract identities),
testnet,bevm,EVM,dst,V2,component-exact,evm_catalog_destination,
testnet,bevm,EVM,src,V301,family,"evm_source_events bsc (EndpointV2EvmSdk.getLZSentEvent, SendUln301); chain_bindings (exact source contract identities)",
testnet,bevm,EVM,dst,V301,component-exact,evm_catalog_destination,
testnet,bevm,EVM,src,V302,family,historical_smoke ethereum/sepolia; evm_signing_path uln_v3_verify; chain_bindings (exact source contract identities),
testnet,bevm,EVM,dst,V302,component-exact,evm_catalog_destination,
testnet,bl2,EVM,src,V2,family,bsc v2_v3_route + v1_refresh; chain_bindings (exact source contract identities),
testnet,bl2,EVM,dst,V2,component-exact,evm_catalog_destination,
testnet,bl2,EVM,src,V301,family,"evm_source_events bsc (EndpointV2EvmSdk.getLZSentEvent, SendUln301); chain_bindings (exact source contract identities)",
testnet,bl2,EVM,dst,V301,component-exact,evm_catalog_destination,
testnet,bl2,EVM,src,V302,family,historical_smoke ethereum/sepolia; evm_signing_path uln_v3_verify; chain_bindings (exact source contract identities),
testnet,bl2,EVM,dst,V302,component-exact,evm_catalog_destination,
testnet,blast,EVM,src,V2,family,bsc v2_v3_route + v1_refresh; chain_bindings (exact source contract identities),
testnet,blast,EVM,dst,V2,component-exact,evm_catalog_destination,
testnet,blast,EVM,src,V301,family,"evm_source_events bsc (EndpointV2EvmSdk.getLZSentEvent, SendUln301); chain_bindings (exact source contract identities)",
testnet,blast,EVM,dst,V301,component-exact,evm_catalog_destination,
testnet,blast,EVM,src,V302,family,historical_smoke ethereum/sepolia; evm_signing_path uln_v3_verify; chain_bindings (exact source contract identities),
testnet,blast,EVM,dst,V302,component-exact,evm_catalog_destination,
testnet,ble,EVM,src,V2,family,bsc v2_v3_route + v1_refresh; chain_bindings (exact source contract identities),
testnet,ble,EVM,dst,V2,component-exact,evm_catalog_destination,
testnet,ble,EVM,src,V301,family,"evm_source_events bsc (EndpointV2EvmSdk.getLZSentEvent, SendUln301); chain_bindings (exact source contract identities)",
testnet,ble,EVM,dst,V301,component-exact,evm_catalog_destination,
testnet,ble,EVM,src,V302,family,historical_smoke ethereum/sepolia; evm_signing_path uln_v3_verify; chain_bindings (exact source contract identities),
testnet,ble,EVM,dst,V302,component-exact,evm_catalog_destination,
testnet,bob,EVM,src,V2,family,bsc v2_v3_route + v1_refresh; chain_bindings (exact source contract identities),
testnet,bob,EVM,dst,V2,component-exact,evm_catalog_destination,
testnet,bob,EVM,src,V301,family,"evm_source_events bsc (EndpointV2EvmSdk.getLZSentEvent, SendUln301); chain_bindings (exact source contract identities)",
testnet,bob,EVM,dst,V301,component-exact,evm_catalog_destination,
testnet,bob,EVM,src,V302,family,historical_smoke ethereum/sepolia; evm_signing_path uln_v3_verify; chain_bindings (exact source contract identities),
testnet,bob,EVM,dst,V302,component-exact,evm_catalog_destination,
testnet,bokuto,EVM,src,V2,family,bsc v2_v3_route + v1_refresh; chain_bindings (exact source contract identities),
testnet,bokuto,EVM,dst,V2,component-exact,evm_catalog_destination,
testnet,bokuto,EVM,src,V301,family,"evm_source_events bsc (EndpointV2EvmSdk.getLZSentEvent, SendUln301); chain_bindings (exact source contract identities)",
testnet,bokuto,EVM,dst,V301,component-exact,evm_catalog_destination,
testnet,bokuto,EVM,src,V302,family,historical_smoke ethereum/sepolia; evm_signing_path uln_v3_verify; chain_bindings (exact source contract identities),
testnet,bokuto,EVM,dst,V302,component-exact,evm_catalog_destination,
testnet,bsc,EVM,src,V2,family,bsc v2_v3_route + v1_refresh; chain_bindings (exact source contract identities),
testnet,bsc,EVM,dst,V2,component-exact,evm_catalog_destination,
testnet,bsc,EVM,src,V301,family,"evm_source_events bsc (EndpointV2EvmSdk.getLZSentEvent, SendUln301); chain_bindings (exact source contract identities)",
testnet,bsc,EVM,dst,V301,component-exact,evm_catalog_destination,
testnet,bsc,EVM,src,V302,family,historical_smoke ethereum/sepolia; evm_signing_path uln_v3_verify; chain_bindings (exact source contract identities),
testnet,bsc,EVM,dst,V302,component-exact,evm_catalog_destination,
testnet,camp,EVM,src,V2,family,bsc v2_v3_route + v1_refresh; chain_bindings (exact source contract identities),
testnet,camp,EVM,dst,V2,component-exact,evm_catalog_destination,
testnet,camp,EVM,src,V301,family,"evm_source_events bsc (EndpointV2EvmSdk.getLZSentEvent, SendUln301); chain_bindings (exact source contract identities)",
testnet,camp,EVM,dst,V301,component-exact,evm_catalog_destination,
testnet,camp,EVM,src,V302,family,historical_smoke ethereum/sepolia; evm_signing_path uln_v3_verify; chain_bindings (exact source contract identities),
testnet,camp,EVM,dst,V302,component-exact,evm_catalog_destination,
testnet,canton,CANTON,src,V302,incomplete,canton_sequencer resolve/confirmations (environment-independent sequencer logic),"A2 ledger read + OAuth2 token implemented from common-canton 1.2.66 source; read executed against real Canton 3.5.19 with synthetic auth (no LayerZero DAR, no signing); needs operator OAuth2/ledger config; sandbox JWT auth not enabled"
testnet,canton,CANTON,dst,V302,component-exact,canton_sequencer payloadSigned + canton_digest + canton_sign,
testnet,celo,EVM,src,V2,family,bsc v2_v3_route + v1_refresh; chain_bindings (exact source contract identities),
testnet,celo,EVM,dst,V2,component-exact,evm_catalog_destination,
testnet,celo,EVM,src,V301,family,"evm_source_events bsc (EndpointV2EvmSdk.getLZSentEvent, SendUln301); chain_bindings (exact source contract identities)",
testnet,celo,EVM,dst,V301,component-exact,evm_catalog_destination,
testnet,celo,EVM,src,V302,family,historical_smoke ethereum/sepolia; evm_signing_path uln_v3_verify; chain_bindings (exact source contract identities),
testnet,celo,EVM,dst,V302,component-exact,evm_catalog_destination,
testnet,chilizspicy,EVM,src,V2,family,bsc v2_v3_route + v1_refresh; chain_bindings (exact source contract identities),
testnet,chilizspicy,EVM,dst,V2,component-exact,evm_catalog_destination,
testnet,chilizspicy,EVM,src,V301,family,"evm_source_events bsc (EndpointV2EvmSdk.getLZSentEvent, SendUln301); chain_bindings (exact source contract identities)",
testnet,chilizspicy,EVM,dst,V301,component-exact,evm_catalog_destination,
testnet,chilizspicy,EVM,src,V302,family,historical_smoke ethereum/sepolia; evm_signing_path uln_v3_verify; chain_bindings (exact source contract identities),
testnet,chilizspicy,EVM,dst,V302,component-exact,evm_catalog_destination,
testnet,citrea,EVM,src,V2,family,bsc v2_v3_route + v1_refresh; chain_bindings (exact source contract identities),
testnet,citrea,EVM,dst,V2,component-exact,evm_catalog_destination,
testnet,citrea,EVM,src,V301,family,"evm_source_events bsc (EndpointV2EvmSdk.getLZSentEvent, SendUln301); chain_bindings (exact source contract identities)",
testnet,citrea,EVM,dst,V301,component-exact,evm_catalog_destination,
testnet,citrea,EVM,src,V302,family,historical_smoke ethereum/sepolia; evm_signing_path uln_v3_verify; chain_bindings (exact source contract identities),
testnet,citrea,EVM,dst,V302,component-exact,evm_catalog_destination,
testnet,conflux,EVM,src,V2,family,bsc v2_v3_route + v1_refresh; chain_bindings (exact source contract identities),
testnet,conflux,EVM,dst,V2,component-exact,evm_catalog_destination,
testnet,conflux,EVM,src,V301,family,"evm_source_events bsc (EndpointV2EvmSdk.getLZSentEvent, SendUln301); chain_bindings (exact source contract identities)",
testnet,conflux,EVM,dst,V301,component-exact,evm_catalog_destination,
testnet,conflux,EVM,src,V302,family,historical_smoke ethereum/sepolia; evm_signing_path uln_v3_verify; chain_bindings (exact source contract identities),
testnet,conflux,EVM,dst,V302,component-exact,evm_catalog_destination,
testnet,coredao,EVM,src,V2,family,bsc v2_v3_route + v1_refresh; chain_bindings (exact source contract identities),
testnet,coredao,EVM,dst,V2,component-exact,evm_catalog_destination,
testnet,coredao,EVM,src,V301,family,"evm_source_events bsc (EndpointV2EvmSdk.getLZSentEvent, SendUln301); chain_bindings (exact source contract identities)",
testnet,coredao,EVM,dst,V301,component-exact,evm_catalog_destination,
testnet,coredao,EVM,src,V302,family,historical_smoke ethereum/sepolia; evm_signing_path uln_v3_verify; chain_bindings (exact source contract identities),
testnet,coredao,EVM,dst,V302,component-exact,evm_catalog_destination,
testnet,cronosevm,EVM,src,V2,family,bsc v2_v3_route + v1_refresh; chain_bindings (exact source contract identities),
testnet,cronosevm,EVM,dst,V2,component-exact,evm_catalog_destination,
testnet,cronosevm,EVM,src,V301,family,"evm_source_events bsc (EndpointV2EvmSdk.getLZSentEvent, SendUln301); chain_bindings (exact source contract identities)",
testnet,cronosevm,EVM,dst,V301,component-exact,evm_catalog_destination,
testnet,cronosevm,EVM,src,V302,family,historical_smoke ethereum/sepolia; evm_signing_path uln_v3_verify; chain_bindings (exact source contract identities),
testnet,cronosevm,EVM,dst,V302,component-exact,evm_catalog_destination,
testnet,curtis,EVM,src,V2,family,bsc v2_v3_route + v1_refresh; chain_bindings (exact source contract identities),
testnet,curtis,EVM,dst,V2,component-exact,evm_catalog_destination,
testnet,curtis,EVM,src,V301,family,"evm_source_events bsc (EndpointV2EvmSdk.getLZSentEvent, SendUln301); chain_bindings (exact source contract identities)",
testnet,curtis,EVM,dst,V301,component-exact,evm_catalog_destination,
testnet,curtis,EVM,src,V302,family,historical_smoke ethereum/sepolia; evm_signing_path uln_v3_verify; chain_bindings (exact source contract identities),
testnet,curtis,EVM,dst,V302,component-exact,evm_catalog_destination,
testnet,dexalot,EVM,src,V2,family,bsc v2_v3_route + v1_refresh; chain_bindings (exact source contract identities),
testnet,dexalot,EVM,dst,V2,component-exact,evm_catalog_destination,
testnet,dexalot,EVM,src,V301,family,"evm_source_events bsc (EndpointV2EvmSdk.getLZSentEvent, SendUln301); chain_bindings (exact source contract identities)",
testnet,dexalot,EVM,dst,V301,component-exact,evm_catalog_destination,
testnet,dexalot,EVM,src,V302,family,historical_smoke ethereum/sepolia; evm_signing_path uln_v3_verify; chain_bindings (exact source contract identities),
testnet,dexalot,EVM,dst,V302,component-exact,evm_catalog_destination,
testnet,dinari,EVM,src,V2,family,bsc v2_v3_route + v1_refresh; chain_bindings (exact source contract identities),
testnet,dinari,EVM,dst,V2,component-exact,evm_catalog_destination,
testnet,dinari,EVM,src,V301,family,"evm_source_events bsc (EndpointV2EvmSdk.getLZSentEvent, SendUln301); chain_bindings (exact source contract identities)",
testnet,dinari,EVM,dst,V301,component-exact,evm_catalog_destination,
testnet,dinari,EVM,src,V302,family,historical_smoke ethereum/sepolia; evm_signing_path uln_v3_verify; chain_bindings (exact source contract identities),
testnet,dinari,EVM,dst,V302,component-exact,evm_catalog_destination,
testnet,doma,EVM,src,V2,family,bsc v2_v3_route + v1_refresh; chain_bindings (exact source contract identities),
testnet,doma,EVM,dst,V2,extension,evm_catalog_destination,"C1 signed vId is the on-chain DVN vid (dvn_vid.json), not upstream EndpointV2 % 30000"
testnet,doma,EVM,src,V301,family,"evm_source_events bsc (EndpointV2EvmSdk.getLZSentEvent, SendUln301); chain_bindings (exact source contract identities)",
testnet,doma,EVM,dst,V301,extension,evm_catalog_destination,"C1 signed vId is the on-chain DVN vid (dvn_vid.json), not upstream EndpointV2 % 30000"
testnet,doma,EVM,src,V302,family,historical_smoke ethereum/sepolia; evm_signing_path uln_v3_verify; chain_bindings (exact source contract identities),
testnet,doma,EVM,dst,V302,extension,evm_catalog_destination,"C1 signed vId is the on-chain DVN vid (dvn_vid.json), not upstream EndpointV2 % 30000"
testnet,ethereal2,EVM,src,V2,family,bsc v2_v3_route + v1_refresh; chain_bindings (exact source contract identities),
testnet,ethereal2,EVM,dst,V2,component-exact,evm_catalog_destination,
testnet,ethereal2,EVM,src,V301,family,"evm_source_events bsc (EndpointV2EvmSdk.getLZSentEvent, SendUln301); chain_bindings (exact source contract identities)",
testnet,ethereal2,EVM,dst,V301,component-exact,evm_catalog_destination,
testnet,ethereal2,EVM,src,V302,family,historical_smoke ethereum/sepolia; evm_signing_path uln_v3_verify; chain_bindings (exact source contract identities),
testnet,ethereal2,EVM,dst,V302,component-exact,evm_catalog_destination,
testnet,etherlink,EVM,src,V2,family,bsc v2_v3_route + v1_refresh; chain_bindings (exact source contract identities),
testnet,etherlink,EVM,dst,V2,component-exact,evm_catalog_destination,
testnet,etherlink,EVM,src,V301,family,"evm_source_events bsc (EndpointV2EvmSdk.getLZSentEvent, SendUln301); chain_bindings (exact source contract identities)",
testnet,etherlink,EVM,dst,V301,component-exact,evm_catalog_destination,
testnet,etherlink,EVM,src,V302,family,historical_smoke ethereum/sepolia; evm_signing_path uln_v3_verify; chain_bindings (exact source contract identities),
testnet,etherlink,EVM,dst,V302,component-exact,evm_catalog_destination,
testnet,etherlinkshadownet,EVM,src,V2,family,bsc v2_v3_route + v1_refresh; chain_bindings (exact source contract identities),
testnet,etherlinkshadownet,EVM,dst,V2,component-exact,evm_catalog_destination,
testnet,etherlinkshadownet,EVM,src,V301,family,"evm_source_events bsc (EndpointV2EvmSdk.getLZSentEvent, SendUln301); chain_bindings (exact source contract identities)",
testnet,etherlinkshadownet,EVM,dst,V301,component-exact,evm_catalog_destination,
testnet,etherlinkshadownet,EVM,src,V302,family,historical_smoke ethereum/sepolia; evm_signing_path uln_v3_verify; chain_bindings (exact source contract identities),
testnet,etherlinkshadownet,EVM,dst,V302,component-exact,evm_catalog_destination,
testnet,exocore,EVM,src,V2,family,bsc v2_v3_route + v1_refresh; chain_bindings (exact source contract identities),
testnet,exocore,EVM,dst,V2,component-exact,evm_catalog_destination,
testnet,exocore,EVM,src,V301,family,"evm_source_events bsc (EndpointV2EvmSdk.getLZSentEvent, SendUln301); chain_bindings (exact source contract identities)",
testnet,exocore,EVM,dst,V301,component-exact,evm_catalog_destination,
testnet,exocore,EVM,src,V302,family,historical_smoke ethereum/sepolia; evm_signing_path uln_v3_verify; chain_bindings (exact source contract identities),
testnet,exocore,EVM,dst,V302,component-exact,evm_catalog_destination,
testnet,fantom,EVM,src,V2,family,bsc v2_v3_route + v1_refresh; chain_bindings (exact source contract identities),
testnet,fantom,EVM,dst,V2,component-exact,evm_catalog_destination,
testnet,fantom,EVM,src,V301,family,"evm_source_events bsc (EndpointV2EvmSdk.getLZSentEvent, SendUln301); chain_bindings (exact source contract identities)",
testnet,fantom,EVM,dst,V301,component-exact,evm_catalog_destination,
testnet,fantom,EVM,src,V302,family,historical_smoke ethereum/sepolia; evm_signing_path uln_v3_verify; chain_bindings (exact source contract identities),
testnet,fantom,EVM,dst,V302,component-exact,evm_catalog_destination,
testnet,flare,EVM,src,V2,family,bsc v2_v3_route + v1_refresh; chain_bindings (exact source contract identities),
testnet,flare,EVM,dst,V2,component-exact,evm_catalog_destination,
testnet,flare,EVM,src,V301,family,"evm_source_events bsc (EndpointV2EvmSdk.getLZSentEvent, SendUln301); chain_bindings (exact source contract identities)",
testnet,flare,EVM,dst,V301,component-exact,evm_catalog_destination,
testnet,flare,EVM,src,V302,family,historical_smoke ethereum/sepolia; evm_signing_path uln_v3_verify; chain_bindings (exact source contract identities),
testnet,flare,EVM,dst,V302,component-exact,evm_catalog_destination,
testnet,flow,EVM,src,V2,family,bsc v2_v3_route + v1_refresh; chain_bindings (exact source contract identities),
testnet,flow,EVM,dst,V2,component-exact,evm_catalog_destination,
testnet,flow,EVM,src,V301,family,"evm_source_events bsc (EndpointV2EvmSdk.getLZSentEvent, SendUln301); chain_bindings (exact source contract identities)",
testnet,flow,EVM,dst,V301,component-exact,evm_catalog_destination,
testnet,flow,EVM,src,V302,family,historical_smoke ethereum/sepolia; evm_signing_path uln_v3_verify; chain_bindings (exact source contract identities),
testnet,flow,EVM,dst,V302,component-exact,evm_catalog_destination,
testnet,form,EVM,src,V2,family,bsc v2_v3_route + v1_refresh; chain_bindings (exact source contract identities),
testnet,form,EVM,dst,V2,component-exact,evm_catalog_destination,
testnet,form,EVM,src,V301,family,"evm_source_events bsc (EndpointV2EvmSdk.getLZSentEvent, SendUln301); chain_bindings (exact source contract identities)",
testnet,form,EVM,dst,V301,component-exact,evm_catalog_destination,
testnet,form,EVM,src,V302,family,historical_smoke ethereum/sepolia; evm_signing_path uln_v3_verify; chain_bindings (exact source contract identities),
testnet,form,EVM,dst,V302,component-exact,evm_catalog_destination,
testnet,fraxtal,EVM,src,V2,family,bsc v2_v3_route + v1_refresh; chain_bindings (exact source contract identities),
testnet,fraxtal,EVM,dst,V2,component-exact,evm_catalog_destination,
testnet,fraxtal,EVM,src,V301,family,"evm_source_events bsc (EndpointV2EvmSdk.getLZSentEvent, SendUln301); chain_bindings (exact source contract identities)",
testnet,fraxtal,EVM,dst,V301,component-exact,evm_catalog_destination,
testnet,fraxtal,EVM,src,V302,family,historical_smoke ethereum/sepolia; evm_signing_path uln_v3_verify; chain_bindings (exact source contract identities),
testnet,fraxtal,EVM,dst,V302,component-exact,evm_catalog_destination,
testnet,fuse,EVM,src,V2,family,bsc v2_v3_route + v1_refresh; chain_bindings (exact source contract identities),
testnet,fuse,EVM,dst,V2,component-exact,evm_catalog_destination,
testnet,fuse,EVM,src,V301,family,"evm_source_events bsc (EndpointV2EvmSdk.getLZSentEvent, SendUln301); chain_bindings (exact source contract identities)",
testnet,fuse,EVM,dst,V301,component-exact,evm_catalog_destination,
testnet,fuse,EVM,src,V302,family,historical_smoke ethereum/sepolia; evm_signing_path uln_v3_verify; chain_bindings (exact source contract identities),
testnet,fuse,EVM,dst,V302,component-exact,evm_catalog_destination,
testnet,gameswift,EVM,src,V2,family,bsc v2_v3_route + v1_refresh; chain_bindings (exact source contract identities),
testnet,gameswift,EVM,dst,V2,component-exact,evm_catalog_destination,
testnet,gameswift,EVM,src,V301,family,"evm_source_events bsc (EndpointV2EvmSdk.getLZSentEvent, SendUln301); chain_bindings (exact source contract identities)",
testnet,gameswift,EVM,dst,V301,component-exact,evm_catalog_destination,
testnet,gameswift,EVM,src,V302,family,historical_smoke ethereum/sepolia; evm_signing_path uln_v3_verify; chain_bindings (exact source contract identities),
testnet,gameswift,EVM,dst,V302,component-exact,evm_catalog_destination,
testnet,gameswift,EVM,src,ReadV1002,family,evm_signing_path uln_read_v1002_verify; evm_source_events bsc; chain_bindings (exact source contract identities),
testnet,gameswift,EVM,dst,ReadV1002,component-exact,evm_catalog_destination,
testnet,gate,EVM,src,V2,family,bsc v2_v3_route + v1_refresh; chain_bindings (exact source contract identities),
testnet,gate,EVM,dst,V2,component-exact,evm_catalog_destination,
testnet,gate,EVM,src,V301,family,"evm_source_events bsc (EndpointV2EvmSdk.getLZSentEvent, SendUln301); chain_bindings (exact source contract identities)",
testnet,gate,EVM,dst,V301,component-exact,evm_catalog_destination,
testnet,gate,EVM,src,V302,family,historical_smoke ethereum/sepolia; evm_signing_path uln_v3_verify; chain_bindings (exact source contract identities),
testnet,gate,EVM,dst,V302,component-exact,evm_catalog_destination,
testnet,gensyn,EVM,src,V2,family,bsc v2_v3_route + v1_refresh; chain_bindings (exact source contract identities),
testnet,gensyn,EVM,dst,V2,component-exact,evm_catalog_destination,
testnet,gensyn,EVM,src,V301,family,"evm_source_events bsc (EndpointV2EvmSdk.getLZSentEvent, SendUln301); chain_bindings (exact source contract identities)",
testnet,gensyn,EVM,dst,V301,component-exact,evm_catalog_destination,
testnet,gensyn,EVM,src,V302,family,historical_smoke ethereum/sepolia; evm_signing_path uln_v3_verify; chain_bindings (exact source contract identities),
testnet,gensyn,EVM,dst,V302,component-exact,evm_catalog_destination,
testnet,glue,EVM,src,V2,family,bsc v2_v3_route + v1_refresh; chain_bindings (exact source contract identities),
testnet,glue,EVM,dst,V2,component-exact,evm_catalog_destination,
testnet,glue,EVM,src,V301,family,"evm_source_events bsc (EndpointV2EvmSdk.getLZSentEvent, SendUln301); chain_bindings (exact source contract identities)",
testnet,glue,EVM,dst,V301,component-exact,evm_catalog_destination,
testnet,glue,EVM,src,V302,family,historical_smoke ethereum/sepolia; evm_signing_path uln_v3_verify; chain_bindings (exact source contract identities),
testnet,glue,EVM,dst,V302,component-exact,evm_catalog_destination,
testnet,goat,EVM,src,V2,family,bsc v2_v3_route + v1_refresh; chain_bindings (exact source contract identities),
testnet,goat,EVM,dst,V2,component-exact,evm_catalog_destination,
testnet,goat,EVM,src,V301,family,"evm_source_events bsc (EndpointV2EvmSdk.getLZSentEvent, SendUln301); chain_bindings (exact source contract identities)",
testnet,goat,EVM,dst,V301,component-exact,evm_catalog_destination,
testnet,goat,EVM,src,V302,family,historical_smoke ethereum/sepolia; evm_signing_path uln_v3_verify; chain_bindings (exact source contract identities),
testnet,goat,EVM,dst,V302,component-exact,evm_catalog_destination,
testnet,gunzilla,EVM,src,V2,family,bsc v2_v3_route + v1_refresh; chain_bindings (exact source contract identities),
testnet,gunzilla,EVM,dst,V2,component-exact,evm_catalog_destination,
testnet,gunzilla,EVM,src,V301,family,"evm_source_events bsc (EndpointV2EvmSdk.getLZSentEvent, SendUln301); chain_bindings (exact source contract identities)",
testnet,gunzilla,EVM,dst,V301,component-exact,evm_catalog_destination,
testnet,gunzilla,EVM,src,V302,family,historical_smoke ethereum/sepolia; evm_signing_path uln_v3_verify; chain_bindings (exact source contract identities),
testnet,gunzilla,EVM,dst,V302,component-exact,evm_catalog_destination,
testnet,harmony,EVM,src,V2,family,bsc v2_v3_route + v1_refresh,
testnet,harmony,EVM,dst,V2,component-exact,evm_catalog_destination,
testnet,hashkey,EVM,src,V2,family,bsc v2_v3_route + v1_refresh; chain_bindings (exact source contract identities),
testnet,hashkey,EVM,dst,V2,component-exact,evm_catalog_destination,
testnet,hashkey,EVM,src,V301,family,"evm_source_events bsc (EndpointV2EvmSdk.getLZSentEvent, SendUln301); chain_bindings (exact source contract identities)",
testnet,hashkey,EVM,dst,V301,component-exact,evm_catalog_destination,
testnet,hashkey,EVM,src,V302,family,historical_smoke ethereum/sepolia; evm_signing_path uln_v3_verify; chain_bindings (exact source contract identities),
testnet,hashkey,EVM,dst,V302,component-exact,evm_catalog_destination,
testnet,hedera,EVM,src,V2,family,bsc v2_v3_route + v1_refresh; chain_bindings (exact source contract identities),
testnet,hedera,EVM,dst,V2,component-exact,evm_catalog_destination,
testnet,hedera,EVM,src,V301,family,"evm_source_events bsc (EndpointV2EvmSdk.getLZSentEvent, SendUln301); chain_bindings (exact source contract identities)",
testnet,hedera,EVM,dst,V301,component-exact,evm_catalog_destination,
testnet,hedera,EVM,src,V302,family,historical_smoke ethereum/sepolia; evm_signing_path uln_v3_verify; chain_bindings (exact source contract identities),
testnet,hedera,EVM,dst,V302,component-exact,evm_catalog_destination,
testnet,hemi,EVM,src,V2,family,bsc v2_v3_route + v1_refresh; chain_bindings (exact source contract identities),
testnet,hemi,EVM,dst,V2,component-exact,evm_catalog_destination,
testnet,hemi,EVM,src,V301,family,"evm_source_events bsc (EndpointV2EvmSdk.getLZSentEvent, SendUln301); chain_bindings (exact source contract identities)",
testnet,hemi,EVM,dst,V301,component-exact,evm_catalog_destination,
testnet,hemi,EVM,src,V302,family,historical_smoke ethereum/sepolia; evm_signing_path uln_v3_verify; chain_bindings (exact source contract identities),
testnet,hemi,EVM,dst,V302,component-exact,evm_catalog_destination,
testnet,holesky,EVM,src,V2,family,bsc v2_v3_route + v1_refresh; chain_bindings (exact source contract identities),
testnet,holesky,EVM,dst,V2,component-exact,evm_catalog_destination,
testnet,holesky,EVM,src,V301,family,"evm_source_events bsc (EndpointV2EvmSdk.getLZSentEvent, SendUln301); chain_bindings (exact source contract identities)",
testnet,holesky,EVM,dst,V301,component-exact,evm_catalog_destination,
testnet,holesky,EVM,src,V302,family,historical_smoke ethereum/sepolia; evm_signing_path uln_v3_verify; chain_bindings (exact source contract identities),
testnet,holesky,EVM,dst,V302,component-exact,evm_catalog_destination,
testnet,homeverse,EVM,src,V2,family,bsc v2_v3_route + v1_refresh; chain_bindings (exact source contract identities),
testnet,homeverse,EVM,dst,V2,component-exact,evm_catalog_destination,
testnet,homeverse,EVM,src,V301,family,"evm_source_events bsc (EndpointV2EvmSdk.getLZSentEvent, SendUln301); chain_bindings (exact source contract identities)",
testnet,homeverse,EVM,dst,V301,component-exact,evm_catalog_destination,
testnet,homeverse,EVM,src,V302,family,historical_smoke ethereum/sepolia; evm_signing_path uln_v3_verify; chain_bindings (exact source contract identities),
testnet,homeverse,EVM,dst,V302,component-exact,evm_catalog_destination,
testnet,hoodi,EVM,src,V2,family,bsc v2_v3_route + v1_refresh; chain_bindings (exact source contract identities),
testnet,hoodi,EVM,dst,V2,component-exact,evm_catalog_destination,
testnet,hoodi,EVM,src,V301,family,"evm_source_events bsc (EndpointV2EvmSdk.getLZSentEvent, SendUln301); chain_bindings (exact source contract identities)",
testnet,hoodi,EVM,dst,V301,component-exact,evm_catalog_destination,
testnet,hoodi,EVM,src,V302,family,historical_smoke ethereum/sepolia; evm_signing_path uln_v3_verify; chain_bindings (exact source contract identities),
testnet,hoodi,EVM,dst,V302,component-exact,evm_catalog_destination,
testnet,horizen,EVM,src,V2,family,bsc v2_v3_route + v1_refresh; chain_bindings (exact source contract identities),
testnet,horizen,EVM,dst,V2,component-exact,evm_catalog_destination,
testnet,horizen,EVM,src,V301,family,"evm_source_events bsc (EndpointV2EvmSdk.getLZSentEvent, SendUln301); chain_bindings (exact source contract identities)",
testnet,horizen,EVM,dst,V301,component-exact,evm_catalog_destination,
testnet,horizen,EVM,src,V302,family,historical_smoke ethereum/sepolia; evm_signing_path uln_v3_verify; chain_bindings (exact source contract identities),
testnet,horizen,EVM,dst,V302,component-exact,evm_catalog_destination,
testnet,humanity,EVM,src,V2,family,bsc v2_v3_route + v1_refresh; chain_bindings (exact source contract identities),
testnet,humanity,EVM,dst,V2,component-exact,evm_catalog_destination,
testnet,humanity,EVM,src,V301,family,"evm_source_events bsc (EndpointV2EvmSdk.getLZSentEvent, SendUln301); chain_bindings (exact source contract identities)",
testnet,humanity,EVM,dst,V301,component-exact,evm_catalog_destination,
testnet,humanity,EVM,src,V302,family,historical_smoke ethereum/sepolia; evm_signing_path uln_v3_verify; chain_bindings (exact source contract identities),
testnet,humanity,EVM,dst,V302,component-exact,evm_catalog_destination,
testnet,hyperliquid,EVM,src,V2,family,bsc v2_v3_route + v1_refresh; chain_bindings (exact source contract identities),
testnet,hyperliquid,EVM,dst,V2,component-exact,evm_catalog_destination,
testnet,hyperliquid,EVM,src,V301,family,"evm_source_events bsc (EndpointV2EvmSdk.getLZSentEvent, SendUln301); chain_bindings (exact source contract identities)",
testnet,hyperliquid,EVM,dst,V301,component-exact,evm_catalog_destination,
testnet,hyperliquid,EVM,src,V302,family,historical_smoke ethereum/sepolia; evm_signing_path uln_v3_verify; chain_bindings (exact source contract identities),
testnet,hyperliquid,EVM,dst,V302,component-exact,evm_catalog_destination,
testnet,initia,INITIA,src,V302,family,"same chain, another environment - mainnet: initia_source_events (17: 15 exact, 1 stricter, 1 text residual)",
testnet,initia,INITIA,dst,V302,component-exact,non_evm_destination:V302=built,
testnet,injective1439,EVM,src,V2,family,bsc v2_v3_route + v1_refresh; chain_bindings (exact source contract identities),
testnet,injective1439,EVM,dst,V2,component-exact,evm_catalog_destination,
testnet,injective1439,EVM,src,V301,family,"evm_source_events bsc (EndpointV2EvmSdk.getLZSentEvent, SendUln301); chain_bindings (exact source contract identities)",
testnet,injective1439,EVM,dst,V301,component-exact,evm_catalog_destination,
testnet,injective1439,EVM,src,V302,family,historical_smoke ethereum/sepolia; evm_signing_path uln_v3_verify; chain_bindings (exact source contract identities),
testnet,injective1439,EVM,dst,V302,component-exact,evm_catalog_destination,
testnet,ink,EVM,src,V2,family,bsc v2_v3_route + v1_refresh; chain_bindings (exact source contract identities),
testnet,ink,EVM,dst,V2,component-exact,evm_catalog_destination,
testnet,ink,EVM,src,V301,family,"evm_source_events bsc (EndpointV2EvmSdk.getLZSentEvent, SendUln301); chain_bindings (exact source contract identities)",
testnet,ink,EVM,dst,V301,component-exact,evm_catalog_destination,
testnet,ink,EVM,src,V302,family,historical_smoke ethereum/sepolia; evm_signing_path uln_v3_verify; chain_bindings (exact source contract identities),
testnet,ink,EVM,dst,V302,component-exact,evm_catalog_destination,
testnet,iota,EVM,src,V2,family,bsc v2_v3_route + v1_refresh; chain_bindings (exact source contract identities),
testnet,iota,EVM,dst,V2,component-exact,evm_catalog_destination,
testnet,iota,EVM,src,V301,family,"evm_source_events bsc (EndpointV2EvmSdk.getLZSentEvent, SendUln301); chain_bindings (exact source contract identities)",
testnet,iota,EVM,dst,V301,component-exact,evm_catalog_destination,
testnet,iota,EVM,src,V302,family,historical_smoke ethereum/sepolia; evm_signing_path uln_v3_verify; chain_bindings (exact source contract identities),
testnet,iota,EVM,dst,V302,component-exact,evm_catalog_destination,
testnet,iotal1,IOTAMOVE,src,V302,family,"same chain, another environment - mainnet: sui_source_events (iotal1 half of 42 rows)",
testnet,iotal1,IOTAMOVE,dst,V302,component-exact,non_evm_destination:V302=built,
testnet,irys,EVM,src,V2,family,bsc v2_v3_route + v1_refresh; chain_bindings (exact source contract identities),
testnet,irys,EVM,dst,V2,component-exact,evm_catalog_destination,
testnet,irys,EVM,src,V301,family,"evm_source_events bsc (EndpointV2EvmSdk.getLZSentEvent, SendUln301); chain_bindings (exact source contract identities)",
testnet,irys,EVM,dst,V301,component-exact,evm_catalog_destination,
testnet,irys,EVM,src,V302,family,historical_smoke ethereum/sepolia; evm_signing_path uln_v3_verify; chain_bindings (exact source contract identities),
testnet,irys,EVM,dst,V302,component-exact,evm_catalog_destination,
testnet,jovay,EVM,src,V2,family,bsc v2_v3_route + v1_refresh; chain_bindings (exact source contract identities),
testnet,jovay,EVM,dst,V2,component-exact,evm_catalog_destination,
testnet,jovay,EVM,src,V301,family,"evm_source_events bsc (EndpointV2EvmSdk.getLZSentEvent, SendUln301); chain_bindings (exact source contract identities)",
testnet,jovay,EVM,dst,V301,component-exact,evm_catalog_destination,
testnet,jovay,EVM,src,V302,family,historical_smoke ethereum/sepolia; evm_signing_path uln_v3_verify; chain_bindings (exact source contract identities),
testnet,jovay,EVM,dst,V302,component-exact,evm_catalog_destination,
testnet,katana,EVM,src,V2,family,bsc v2_v3_route + v1_refresh; chain_bindings (exact source contract identities),
testnet,katana,EVM,dst,V2,component-exact,evm_catalog_destination,
testnet,katana,EVM,src,V301,family,"evm_source_events bsc (EndpointV2EvmSdk.getLZSentEvent, SendUln301); chain_bindings (exact source contract identities)",
testnet,katana,EVM,dst,V301,component-exact,evm_catalog_destination,
testnet,katana,EVM,src,V302,family,historical_smoke ethereum/sepolia; evm_signing_path uln_v3_verify; chain_bindings (exact source contract identities),
testnet,katana,EVM,dst,V302,component-exact,evm_catalog_destination,
testnet,kava,EVM,src,V2,family,bsc v2_v3_route + v1_refresh; chain_bindings (exact source contract identities),
testnet,kava,EVM,dst,V2,component-exact,evm_catalog_destination,
testnet,kava,EVM,src,V301,family,"evm_source_events bsc (EndpointV2EvmSdk.getLZSentEvent, SendUln301); chain_bindings (exact source contract identities)",
testnet,kava,EVM,dst,V301,component-exact,evm_catalog_destination,
testnet,kava,EVM,src,V302,family,historical_smoke ethereum/sepolia; evm_signing_path uln_v3_verify; chain_bindings (exact source contract identities),
testnet,kava,EVM,dst,V302,component-exact,evm_catalog_destination,
testnet,kevnet,EVM,src,V2,family,bsc v2_v3_route + v1_refresh; chain_bindings (exact source contract identities),
testnet,kevnet,EVM,dst,V2,component-exact,evm_catalog_destination,
testnet,kevnet,EVM,src,V301,family,"evm_source_events bsc (EndpointV2EvmSdk.getLZSentEvent, SendUln301); chain_bindings (exact source contract identities)",
testnet,kevnet,EVM,dst,V301,component-exact,evm_catalog_destination,
testnet,kevnet,EVM,src,V302,family,historical_smoke ethereum/sepolia; evm_signing_path uln_v3_verify; chain_bindings (exact source contract identities),
testnet,kevnet,EVM,dst,V302,component-exact,evm_catalog_destination,
testnet,kite,EVM,src,V2,family,bsc v2_v3_route + v1_refresh; chain_bindings (exact source contract identities),
testnet,kite,EVM,dst,V2,component-exact,evm_catalog_destination,
testnet,kite,EVM,src,V301,family,"evm_source_events bsc (EndpointV2EvmSdk.getLZSentEvent, SendUln301); chain_bindings (exact source contract identities)",
testnet,kite,EVM,dst,V301,component-exact,evm_catalog_destination,
testnet,kite,EVM,src,V302,family,historical_smoke ethereum/sepolia; evm_signing_path uln_v3_verify; chain_bindings (exact source contract identities),
testnet,kite,EVM,dst,V302,component-exact,evm_catalog_destination,
testnet,kiwi,EVM,src,V2,family,bsc v2_v3_route + v1_refresh,
testnet,kiwi,EVM,dst,V2,component-exact,evm_catalog_destination,
testnet,kiwi2,EVM,src,V2,family,bsc v2_v3_route + v1_refresh,
testnet,kiwi2,EVM,dst,V2,component-exact,evm_catalog_destination,
testnet,klaytn,EVM,src,V2,family,bsc v2_v3_route + v1_refresh; chain_bindings (exact source contract identities),
testnet,klaytn,EVM,dst,V2,component-exact,evm_catalog_destination,
testnet,klaytn,EVM,src,V301,family,"evm_source_events bsc (EndpointV2EvmSdk.getLZSentEvent, SendUln301); chain_bindings (exact source contract identities)",
testnet,klaytn,EVM,dst,V301,component-exact,evm_catalog_destination,
testnet,klaytn,EVM,src,V302,family,historical_smoke ethereum/sepolia; evm_signing_path uln_v3_verify; chain_bindings (exact source contract identities),
testnet,klaytn,EVM,dst,V302,component-exact,evm_catalog_destination,
testnet,lens,EVM,src,V2,family,bsc v2_v3_route + v1_refresh; chain_bindings (exact source contract identities),
testnet,lens,EVM,dst,V2,component-exact,evm_catalog_destination,
testnet,lens,EVM,src,V301,family,"evm_source_events bsc (EndpointV2EvmSdk.getLZSentEvent, SendUln301); chain_bindings (exact source contract identities)",
testnet,lens,EVM,dst,V301,component-exact,evm_catalog_destination,
testnet,lens,EVM,src,V302,family,historical_smoke ethereum/sepolia; evm_signing_path uln_v3_verify; chain_bindings (exact source contract identities),
testnet,lens,EVM,dst,V302,component-exact,evm_catalog_destination,
testnet,lif3,EVM,src,V2,family,bsc v2_v3_route + v1_refresh; chain_bindings (exact source contract identities),
testnet,lif3,EVM,dst,V2,component-exact,evm_catalog_destination,
testnet,lif3,EVM,src,V301,family,"evm_source_events bsc (EndpointV2EvmSdk.getLZSentEvent, SendUln301); chain_bindings (exact source contract identities)",
testnet,lif3,EVM,dst,V301,component-exact,evm_catalog_destination,
testnet,lif3,EVM,src,V302,family,historical_smoke ethereum/sepolia; evm_signing_path uln_v3_verify; chain_bindings (exact source contract identities),
testnet,lif3,EVM,dst,V302,component-exact,evm_catalog_destination,
testnet,lineasep,EVM,src,V2,family,bsc v2_v3_route + v1_refresh; chain_bindings (exact source contract identities),
testnet,lineasep,EVM,dst,V2,extension,evm_catalog_destination,"C1 signed vId is the on-chain DVN vid (dvn_vid.json), not upstream EndpointV2 % 30000"
testnet,lineasep,EVM,src,V301,family,"evm_source_events bsc (EndpointV2EvmSdk.getLZSentEvent, SendUln301); chain_bindings (exact source contract identities)",
testnet,lineasep,EVM,dst,V301,extension,evm_catalog_destination,"C1 signed vId is the on-chain DVN vid (dvn_vid.json), not upstream EndpointV2 % 30000"
testnet,lineasep,EVM,src,V302,family,historical_smoke ethereum/sepolia; evm_signing_path uln_v3_verify; chain_bindings (exact source contract identities),
testnet,lineasep,EVM,dst,V302,extension,evm_catalog_destination,"C1 signed vId is the on-chain DVN vid (dvn_vid.json), not upstream EndpointV2 % 30000"
testnet,lisk,EVM,src,V2,family,bsc v2_v3_route + v1_refresh; chain_bindings (exact source contract identities),
testnet,lisk,EVM,dst,V2,component-exact,evm_catalog_destination,
testnet,lisk,EVM,src,V301,family,"evm_source_events bsc (EndpointV2EvmSdk.getLZSentEvent, SendUln301); chain_bindings (exact source contract identities)",
testnet,lisk,EVM,dst,V301,component-exact,evm_catalog_destination,
testnet,lisk,EVM,src,V302,family,historical_smoke ethereum/sepolia; evm_signing_path uln_v3_verify; chain_bindings (exact source contract identities),
testnet,lisk,EVM,dst,V302,component-exact,evm_catalog_destination,
testnet,lyra,EVM,src,V2,family,bsc v2_v3_route + v1_refresh; chain_bindings (exact source contract identities),
testnet,lyra,EVM,dst,V2,component-exact,evm_catalog_destination,
testnet,lyra,EVM,src,V301,family,"evm_source_events bsc (EndpointV2EvmSdk.getLZSentEvent, SendUln301); chain_bindings (exact source contract identities)",
testnet,lyra,EVM,dst,V301,component-exact,evm_catalog_destination,
testnet,lyra,EVM,src,V302,family,historical_smoke ethereum/sepolia; evm_signing_path uln_v3_verify; chain_bindings (exact source contract identities),
testnet,lyra,EVM,dst,V302,component-exact,evm_catalog_destination,
testnet,mantasep,EVM,src,V2,family,bsc v2_v3_route + v1_refresh; chain_bindings (exact source contract identities),
testnet,mantasep,EVM,dst,V2,component-exact,evm_catalog_destination,
testnet,mantasep,EVM,src,V301,family,"evm_source_events bsc (EndpointV2EvmSdk.getLZSentEvent, SendUln301); chain_bindings (exact source contract identities)",
testnet,mantasep,EVM,dst,V301,component-exact,evm_catalog_destination,
testnet,mantasep,EVM,src,V302,family,historical_smoke ethereum/sepolia; evm_signing_path uln_v3_verify; chain_bindings (exact source contract identities),
testnet,mantasep,EVM,dst,V302,component-exact,evm_catalog_destination,
testnet,mantlesep,EVM,src,V2,family,bsc v2_v3_route + v1_refresh; chain_bindings (exact source contract identities),
testnet,mantlesep,EVM,dst,V2,component-exact,evm_catalog_destination,
testnet,mantlesep,EVM,src,V301,family,"evm_source_events bsc (EndpointV2EvmSdk.getLZSentEvent, SendUln301); chain_bindings (exact source contract identities)",
testnet,mantlesep,EVM,dst,V301,component-exact,evm_catalog_destination,
testnet,mantlesep,EVM,src,V302,family,historical_smoke ethereum/sepolia; evm_signing_path uln_v3_verify; chain_bindings (exact source contract identities),
testnet,mantlesep,EVM,dst,V302,component-exact,evm_catalog_destination,
testnet,megaeth,EVM,src,V2,family,bsc v2_v3_route + v1_refresh; chain_bindings (exact source contract identities),
testnet,megaeth,EVM,dst,V2,component-exact,evm_catalog_destination,
testnet,megaeth,EVM,src,V301,family,"evm_source_events bsc (EndpointV2EvmSdk.getLZSentEvent, SendUln301); chain_bindings (exact source contract identities)",
testnet,megaeth,EVM,dst,V301,component-exact,evm_catalog_destination,
testnet,megaeth,EVM,src,V302,family,historical_smoke ethereum/sepolia; evm_signing_path uln_v3_verify; chain_bindings (exact source contract identities),
testnet,megaeth,EVM,dst,V302,component-exact,evm_catalog_destination,
testnet,megaeth2,EVM,src,V2,family,bsc v2_v3_route + v1_refresh; chain_bindings (exact source contract identities),
testnet,megaeth2,EVM,dst,V2,component-exact,evm_catalog_destination,
testnet,megaeth2,EVM,src,V301,family,"evm_source_events bsc (EndpointV2EvmSdk.getLZSentEvent, SendUln301); chain_bindings (exact source contract identities)",
testnet,megaeth2,EVM,dst,V301,component-exact,evm_catalog_destination,
testnet,megaeth2,EVM,src,V302,family,historical_smoke ethereum/sepolia; evm_signing_path uln_v3_verify; chain_bindings (exact source contract identities),
testnet,megaeth2,EVM,dst,V302,component-exact,evm_catalog_destination,
testnet,memecore,EVM,src,V2,family,bsc v2_v3_route + v1_refresh; chain_bindings (exact source contract identities),
testnet,memecore,EVM,dst,V2,component-exact,evm_catalog_destination,
testnet,memecore,EVM,src,V301,family,"evm_source_events bsc (EndpointV2EvmSdk.getLZSentEvent, SendUln301); chain_bindings (exact source contract identities)",
testnet,memecore,EVM,dst,V301,component-exact,evm_catalog_destination,
testnet,memecore,EVM,src,V302,family,historical_smoke ethereum/sepolia; evm_signing_path uln_v3_verify; chain_bindings (exact source contract identities),
testnet,memecore,EVM,dst,V302,component-exact,evm_catalog_destination,
testnet,meritcircle,EVM,src,V2,family,bsc v2_v3_route + v1_refresh; chain_bindings (exact source contract identities),
testnet,meritcircle,EVM,dst,V2,component-exact,evm_catalog_destination,
testnet,meritcircle,EVM,src,V301,family,"evm_source_events bsc (EndpointV2EvmSdk.getLZSentEvent, SendUln301); chain_bindings (exact source contract identities)",
testnet,meritcircle,EVM,dst,V301,component-exact,evm_catalog_destination,
testnet,meritcircle,EVM,src,V302,family,historical_smoke ethereum/sepolia; evm_signing_path uln_v3_verify; chain_bindings (exact source contract identities),
testnet,meritcircle,EVM,dst,V302,component-exact,evm_catalog_destination,
testnet,metissep,EVM,src,V2,family,bsc v2_v3_route + v1_refresh; chain_bindings (exact source contract identities),
testnet,metissep,EVM,dst,V2,component-exact,evm_catalog_destination,
testnet,metissep,EVM,src,V301,family,"evm_source_events bsc (EndpointV2EvmSdk.getLZSentEvent, SendUln301); chain_bindings (exact source contract identities)",
testnet,metissep,EVM,dst,V301,component-exact,evm_catalog_destination,
testnet,metissep,EVM,src,V302,family,historical_smoke ethereum/sepolia; evm_signing_path uln_v3_verify; chain_bindings (exact source contract identities),
testnet,metissep,EVM,dst,V302,component-exact,evm_catalog_destination,
testnet,minato,EVM,src,V2,family,bsc v2_v3_route + v1_refresh; chain_bindings (exact source contract identities),
testnet,minato,EVM,dst,V2,component-exact,evm_catalog_destination,
testnet,minato,EVM,src,V301,family,"evm_source_events bsc (EndpointV2EvmSdk.getLZSentEvent, SendUln301); chain_bindings (exact source contract identities)",
testnet,minato,EVM,dst,V301,component-exact,evm_catalog_destination,
testnet,minato,EVM,src,V302,family,historical_smoke ethereum/sepolia; evm_signing_path uln_v3_verify; chain_bindings (exact source contract identities),
testnet,minato,EVM,dst,V302,component-exact,evm_catalog_destination,
testnet,moca,EVM,src,V2,family,bsc v2_v3_route + v1_refresh; chain_bindings (exact source contract identities),
testnet,moca,EVM,dst,V2,component-exact,evm_catalog_destination,
testnet,moca,EVM,src,V301,family,"evm_source_events bsc (EndpointV2EvmSdk.getLZSentEvent, SendUln301); chain_bindings (exact source contract identities)",
testnet,moca,EVM,dst,V301,component-exact,evm_catalog_destination,
testnet,moca,EVM,src,V302,family,historical_smoke ethereum/sepolia; evm_signing_path uln_v3_verify; chain_bindings (exact source contract identities),
testnet,moca,EVM,dst,V302,component-exact,evm_catalog_destination,
testnet,mode,EVM,src,V2,family,bsc v2_v3_route + v1_refresh; chain_bindings (exact source contract identities),
testnet,mode,EVM,dst,V2,component-exact,evm_catalog_destination,
testnet,mode,EVM,src,V301,family,"evm_source_events bsc (EndpointV2EvmSdk.getLZSentEvent, SendUln301); chain_bindings (exact source contract identities)",
testnet,mode,EVM,dst,V301,component-exact,evm_catalog_destination,
testnet,mode,EVM,src,V302,family,historical_smoke ethereum/sepolia; evm_signing_path uln_v3_verify; chain_bindings (exact source contract identities),
testnet,mode,EVM,dst,V302,component-exact,evm_catalog_destination,
testnet,moderato,EVM,src,V2,family,bsc v2_v3_route + v1_refresh; chain_bindings (exact source contract identities),
testnet,moderato,EVM,dst,V2,component-exact,evm_catalog_destination,
testnet,moderato,EVM,src,V301,family,"evm_source_events bsc (EndpointV2EvmSdk.getLZSentEvent, SendUln301); chain_bindings (exact source contract identities)",
testnet,moderato,EVM,dst,V301,component-exact,evm_catalog_destination,
testnet,moderato,EVM,src,V302,family,historical_smoke ethereum/sepolia; evm_signing_path uln_v3_verify; chain_bindings (exact source contract identities),
testnet,moderato,EVM,dst,V302,component-exact,evm_catalog_destination,
testnet,moksha,EVM,src,V2,family,bsc v2_v3_route + v1_refresh; chain_bindings (exact source contract identities),
testnet,moksha,EVM,dst,V2,component-exact,evm_catalog_destination,
testnet,moksha,EVM,src,V301,family,"evm_source_events bsc (EndpointV2EvmSdk.getLZSentEvent, SendUln301); chain_bindings (exact source contract identities)",
testnet,moksha,EVM,dst,V301,component-exact,evm_catalog_destination,
testnet,moksha,EVM,src,V302,family,historical_smoke ethereum/sepolia; evm_signing_path uln_v3_verify; chain_bindings (exact source contract identities),
testnet,moksha,EVM,dst,V302,component-exact,evm_catalog_destination,
testnet,moksha,EVM,src,ReadV1002,family,evm_signing_path uln_read_v1002_verify; evm_source_events bsc; chain_bindings (exact source contract identities),
testnet,moksha,EVM,dst,ReadV1002,component-exact,evm_catalog_destination,
testnet,monad,EVM,src,V2,family,bsc v2_v3_route + v1_refresh; chain_bindings (exact source contract identities),
testnet,monad,EVM,dst,V2,component-exact,evm_catalog_destination,
testnet,monad,EVM,src,V301,family,"evm_source_events bsc (EndpointV2EvmSdk.getLZSentEvent, SendUln301); chain_bindings (exact source contract identities)",
testnet,monad,EVM,dst,V301,component-exact,evm_catalog_destination,
testnet,monad,EVM,src,V302,family,historical_smoke ethereum/sepolia; evm_signing_path uln_v3_verify; chain_bindings (exact source contract identities),
testnet,monad,EVM,dst,V302,component-exact,evm_catalog_destination,
testnet,monad,EVM,src,ReadV1002,family,evm_signing_path uln_read_v1002_verify; evm_source_events bsc; chain_bindings (exact source contract identities),
testnet,monad,EVM,dst,ReadV1002,component-exact,evm_catalog_destination,
testnet,monad2,EVM,src,V2,family,bsc v2_v3_route + v1_refresh; chain_bindings (exact source contract identities),
testnet,monad2,EVM,dst,V2,component-exact,evm_catalog_destination,
testnet,monad2,EVM,src,V301,family,"evm_source_events bsc (EndpointV2EvmSdk.getLZSentEvent, SendUln301); chain_bindings (exact source contract identities)",
testnet,monad2,EVM,dst,V301,component-exact,evm_catalog_destination,
testnet,monad2,EVM,src,V302,family,historical_smoke ethereum/sepolia; evm_signing_path uln_v3_verify; chain_bindings (exact source contract identities),
testnet,monad2,EVM,dst,V302,component-exact,evm_catalog_destination,
testnet,moninet,EVM,src,V2,incomplete,,"B1 rollout gate (ACTIVE; 8/10 addresses match metadata, 2 unpublished; no public RPC or EVM chainId)"
testnet,moninet,EVM,dst,V2,incomplete,evm_catalog_destination,"B1 rollout gate (ACTIVE; 8/10 addresses match metadata, 2 unpublished; no public RPC or EVM chainId)"
testnet,moninet,EVM,src,V301,incomplete,,"B1 rollout gate (ACTIVE; 8/10 addresses match metadata, 2 unpublished; no public RPC or EVM chainId)"
testnet,moninet,EVM,dst,V301,incomplete,evm_catalog_destination,"B1 rollout gate (ACTIVE; 8/10 addresses match metadata, 2 unpublished; no public RPC or EVM chainId)"
testnet,moninet,EVM,src,V302,incomplete,,"B1 rollout gate (ACTIVE; 8/10 addresses match metadata, 2 unpublished; no public RPC or EVM chainId)"
testnet,moninet,EVM,dst,V302,incomplete,evm_catalog_destination,"B1 rollout gate (ACTIVE; 8/10 addresses match metadata, 2 unpublished; no public RPC or EVM chainId)"
testnet,movement,APTOS,src,V302,family,"same chain, another environment - mainnet: move_source_events (movement V302 rows exact)",
testnet,movement,APTOS,dst,V302,component-exact,non_evm_destination:V302=built,
testnet,mp1,EVM,src,V2,family,bsc v2_v3_route + v1_refresh; chain_bindings (exact source contract identities),
testnet,mp1,EVM,dst,V2,component-exact,evm_catalog_destination,
testnet,mp1,EVM,src,V301,family,"evm_source_events bsc (EndpointV2EvmSdk.getLZSentEvent, SendUln301); chain_bindings (exact source contract identities)",
testnet,mp1,EVM,dst,V301,component-exact,evm_catalog_destination,
testnet,mp1,EVM,src,V302,family,historical_smoke ethereum/sepolia; evm_signing_path uln_v3_verify; chain_bindings (exact source contract identities),
testnet,mp1,EVM,dst,V302,component-exact,evm_catalog_destination,
testnet,neox,EVM,src,V2,family,bsc v2_v3_route + v1_refresh; chain_bindings (exact source contract identities),
testnet,neox,EVM,dst,V2,component-exact,evm_catalog_destination,
testnet,neox,EVM,src,V301,family,"evm_source_events bsc (EndpointV2EvmSdk.getLZSentEvent, SendUln301); chain_bindings (exact source contract identities)",
testnet,neox,EVM,dst,V301,component-exact,evm_catalog_destination,
testnet,neox,EVM,src,V302,family,historical_smoke ethereum/sepolia; evm_signing_path uln_v3_verify; chain_bindings (exact source contract identities),
testnet,neox,EVM,dst,V302,component-exact,evm_catalog_destination,
testnet,nibiru,EVM,src,V2,family,bsc v2_v3_route + v1_refresh; chain_bindings (exact source contract identities),
testnet,nibiru,EVM,dst,V2,component-exact,evm_catalog_destination,
testnet,nibiru,EVM,src,V301,family,"evm_source_events bsc (EndpointV2EvmSdk.getLZSentEvent, SendUln301); chain_bindings (exact source contract identities)",
testnet,nibiru,EVM,dst,V301,component-exact,evm_catalog_destination,
testnet,nibiru,EVM,src,V302,family,historical_smoke ethereum/sepolia; evm_signing_path uln_v3_verify; chain_bindings (exact source contract identities),
testnet,nibiru,EVM,dst,V302,component-exact,evm_catalog_destination,
testnet,og,EVM,src,V2,family,bsc v2_v3_route + v1_refresh; chain_bindings (exact source contract identities),
testnet,og,EVM,dst,V2,component-exact,evm_catalog_destination,
testnet,og,EVM,src,V301,family,"evm_source_events bsc (EndpointV2EvmSdk.getLZSentEvent, SendUln301); chain_bindings (exact source contract identities)",
testnet,og,EVM,dst,V301,component-exact,evm_catalog_destination,
testnet,og,EVM,src,V302,family,historical_smoke ethereum/sepolia; evm_signing_path uln_v3_verify; chain_bindings (exact source contract identities),
testnet,og,EVM,dst,V302,component-exact,evm_catalog_destination,
testnet,oggalileo,EVM,src,V2,family,bsc v2_v3_route + v1_refresh; chain_bindings (exact source contract identities),
testnet,oggalileo,EVM,dst,V2,component-exact,evm_catalog_destination,
testnet,oggalileo,EVM,src,V301,family,"evm_source_events bsc (EndpointV2EvmSdk.getLZSentEvent, SendUln301); chain_bindings (exact source contract identities)",
testnet,oggalileo,EVM,dst,V301,component-exact,evm_catalog_destination,
testnet,oggalileo,EVM,src,V302,family,historical_smoke ethereum/sepolia; evm_signing_path uln_v3_verify; chain_bindings (exact source contract identities),
testnet,oggalileo,EVM,dst,V302,component-exact,evm_catalog_destination,
testnet,olive,EVM,src,V2,family,bsc v2_v3_route + v1_refresh; chain_bindings (exact source contract identities),
testnet,olive,EVM,dst,V2,component-exact,evm_catalog_destination,
testnet,olive,EVM,src,V301,family,"evm_source_events bsc (EndpointV2EvmSdk.getLZSentEvent, SendUln301); chain_bindings (exact source contract identities)",
testnet,olive,EVM,dst,V301,component-exact,evm_catalog_destination,
testnet,olive,EVM,src,V302,family,historical_smoke ethereum/sepolia; evm_signing_path uln_v3_verify; chain_bindings (exact source contract identities),
testnet,olive,EVM,dst,V302,component-exact,evm_catalog_destination,
testnet,ondo,EVM,src,V2,family,bsc v2_v3_route + v1_refresh; chain_bindings (exact source contract identities),
testnet,ondo,EVM,dst,V2,component-exact,evm_catalog_destination,
testnet,ondo,EVM,src,V301,family,"evm_source_events bsc (EndpointV2EvmSdk.getLZSentEvent, SendUln301); chain_bindings (exact source contract identities)",
testnet,ondo,EVM,dst,V301,component-exact,evm_catalog_destination,
testnet,ondo,EVM,src,V302,family,historical_smoke ethereum/sepolia; evm_signing_path uln_v3_verify; chain_bindings (exact source contract identities),
testnet,ondo,EVM,dst,V302,component-exact,evm_catalog_destination,
testnet,onemoney,EVM,src,V2,family,bsc v2_v3_route + v1_refresh; chain_bindings (exact source contract identities),
testnet,onemoney,EVM,dst,V2,component-exact,evm_catalog_destination,
testnet,onemoney,EVM,src,V301,family,"evm_source_events bsc (EndpointV2EvmSdk.getLZSentEvent, SendUln301); chain_bindings (exact source contract identities)",
testnet,onemoney,EVM,dst,V301,component-exact,evm_catalog_destination,
testnet,onemoney,EVM,src,V302,family,historical_smoke ethereum/sepolia; evm_signing_path uln_v3_verify; chain_bindings (exact source contract identities),
testnet,onemoney,EVM,dst,V302,component-exact,evm_catalog_destination,
testnet,opencampus,EVM,src,V2,family,bsc v2_v3_route + v1_refresh; chain_bindings (exact source contract identities),
testnet,opencampus,EVM,dst,V2,component-exact,evm_catalog_destination,
testnet,opencampus,EVM,src,V301,family,"evm_source_events bsc (EndpointV2EvmSdk.getLZSentEvent, SendUln301); chain_bindings (exact source contract identities)",
testnet,opencampus,EVM,dst,V301,component-exact,evm_catalog_destination,
testnet,opencampus,EVM,src,V302,family,historical_smoke ethereum/sepolia; evm_signing_path uln_v3_verify; chain_bindings (exact source contract identities),
testnet,opencampus,EVM,dst,V302,component-exact,evm_catalog_destination,
testnet,openledger,EVM,src,V2,family,bsc v2_v3_route + v1_refresh; chain_bindings (exact source contract identities),
testnet,openledger,EVM,dst,V2,component-exact,evm_catalog_destination,
testnet,openledger,EVM,src,V301,family,"evm_source_events bsc (EndpointV2EvmSdk.getLZSentEvent, SendUln301); chain_bindings (exact source contract identities)",
testnet,openledger,EVM,dst,V301,component-exact,evm_catalog_destination,
testnet,openledger,EVM,src,V302,family,historical_smoke ethereum/sepolia; evm_signing_path uln_v3_verify; chain_bindings (exact source contract identities),
testnet,openledger,EVM,dst,V302,component-exact,evm_catalog_destination,
testnet,opn,EVM,src,V301,family,"evm_source_events bsc (EndpointV2EvmSdk.getLZSentEvent, SendUln301); chain_bindings (exact source contract identities)",
testnet,opn,EVM,dst,V301,component-exact,evm_catalog_destination,
testnet,opn,EVM,src,V302,family,historical_smoke ethereum/sepolia; evm_signing_path uln_v3_verify; chain_bindings (exact source contract identities),
testnet,opn,EVM,dst,V302,component-exact,evm_catalog_destination,
testnet,optsep,EVM,src,V2,family,bsc v2_v3_route + v1_refresh; chain_bindings (exact source contract identities),
testnet,optsep,EVM,dst,V2,component-exact,evm_catalog_destination,
testnet,optsep,EVM,src,V301,family,"evm_source_events bsc (EndpointV2EvmSdk.getLZSentEvent, SendUln301); chain_bindings (exact source contract identities)",
testnet,optsep,EVM,dst,V301,component-exact,evm_catalog_destination,
testnet,optsep,EVM,src,V302,family,historical_smoke ethereum/sepolia; evm_signing_path uln_v3_verify; chain_bindings (exact source contract identities),
testnet,optsep,EVM,dst,V302,component-exact,evm_catalog_destination,
testnet,orderly,EVM,src,V2,family,bsc v2_v3_route + v1_refresh; chain_bindings (exact source contract identities),
testnet,orderly,EVM,dst,V2,component-exact,evm_catalog_destination,
testnet,orderly,EVM,src,V301,family,"evm_source_events bsc (EndpointV2EvmSdk.getLZSentEvent, SendUln301); chain_bindings (exact source contract identities)",
testnet,orderly,EVM,dst,V301,component-exact,evm_catalog_destination,
testnet,orderly,EVM,src,V302,family,historical_smoke ethereum/sepolia; evm_signing_path uln_v3_verify; chain_bindings (exact source contract identities),
testnet,orderly,EVM,dst,V302,component-exact,evm_catalog_destination,
testnet,otherworld,EVM,src,V2,family,bsc v2_v3_route + v1_refresh; chain_bindings (exact source contract identities),
testnet,otherworld,EVM,dst,V2,component-exact,evm_catalog_destination,
testnet,otherworld,EVM,src,V302,family,historical_smoke ethereum/sepolia; evm_signing_path uln_v3_verify; chain_bindings (exact source contract identities),
testnet,otherworld,EVM,dst,V302,component-exact,evm_catalog_destination,
testnet,peaq,EVM,src,V2,family,bsc v2_v3_route + v1_refresh; chain_bindings (exact source contract identities),
testnet,peaq,EVM,dst,V2,component-exact,evm_catalog_destination,
testnet,peaq,EVM,src,V301,family,"evm_source_events bsc (EndpointV2EvmSdk.getLZSentEvent, SendUln301); chain_bindings (exact source contract identities)",
testnet,peaq,EVM,dst,V301,component-exact,evm_catalog_destination,
testnet,peaq,EVM,src,V302,family,historical_smoke ethereum/sepolia; evm_signing_path uln_v3_verify; chain_bindings (exact source contract identities),
testnet,peaq,EVM,dst,V302,component-exact,evm_catalog_destination,
testnet,plasma,EVM,src,V2,family,bsc v2_v3_route + v1_refresh; chain_bindings (exact source contract identities),
testnet,plasma,EVM,dst,V2,component-exact,evm_catalog_destination,
testnet,plasma,EVM,src,V301,family,"evm_source_events bsc (EndpointV2EvmSdk.getLZSentEvent, SendUln301); chain_bindings (exact source contract identities)",
testnet,plasma,EVM,dst,V301,component-exact,evm_catalog_destination,
testnet,plasma,EVM,src,V302,family,historical_smoke ethereum/sepolia; evm_signing_path uln_v3_verify; chain_bindings (exact source contract identities),
testnet,plasma,EVM,dst,V302,component-exact,evm_catalog_destination,
testnet,plasma2,EVM,src,V2,family,bsc v2_v3_route + v1_refresh; chain_bindings (exact source contract identities),
testnet,plasma2,EVM,dst,V2,component-exact,evm_catalog_destination,
testnet,plasma2,EVM,src,V301,family,"evm_source_events bsc (EndpointV2EvmSdk.getLZSentEvent, SendUln301); chain_bindings (exact source contract identities)",
testnet,plasma2,EVM,dst,V301,component-exact,evm_catalog_destination,
testnet,plasma2,EVM,src,V302,family,historical_smoke ethereum/sepolia; evm_signing_path uln_v3_verify; chain_bindings (exact source contract identities),
testnet,plasma2,EVM,dst,V302,component-exact,evm_catalog_destination,
testnet,plasma3,EVM,src,V2,family,bsc v2_v3_route + v1_refresh; chain_bindings (exact source contract identities),
testnet,plasma3,EVM,dst,V2,component-exact,evm_catalog_destination,
testnet,plasma3,EVM,src,V301,family,"evm_source_events bsc (EndpointV2EvmSdk.getLZSentEvent, SendUln301); chain_bindings (exact source contract identities)",
testnet,plasma3,EVM,dst,V301,component-exact,evm_catalog_destination,
testnet,plasma3,EVM,src,V302,family,historical_smoke ethereum/sepolia; evm_signing_path uln_v3_verify; chain_bindings (exact source contract identities),
testnet,plasma3,EVM,dst,V302,component-exact,evm_catalog_destination,
testnet,plume4,EVM,src,V2,family,bsc v2_v3_route + v1_refresh; chain_bindings (exact source contract identities),
testnet,plume4,EVM,dst,V2,component-exact,evm_catalog_destination,
testnet,plume4,EVM,src,V301,family,"evm_source_events bsc (EndpointV2EvmSdk.getLZSentEvent, SendUln301); chain_bindings (exact source contract identities)",
testnet,plume4,EVM,dst,V301,component-exact,evm_catalog_destination,
testnet,plume4,EVM,src,V302,family,historical_smoke ethereum/sepolia; evm_signing_path uln_v3_verify; chain_bindings (exact source contract identities),
testnet,plume4,EVM,dst,V302,component-exact,evm_catalog_destination,
testnet,polygoncdk,EVM,src,V2,family,bsc v2_v3_route + v1_refresh,
testnet,polygoncdk,EVM,dst,V2,component-exact,evm_catalog_destination,
testnet,rayls,EVM,src,V2,family,bsc v2_v3_route + v1_refresh; chain_bindings (exact source contract identities),
testnet,rayls,EVM,dst,V2,component-exact,evm_catalog_destination,
testnet,rayls,EVM,src,V301,family,"evm_source_events bsc (EndpointV2EvmSdk.getLZSentEvent, SendUln301); chain_bindings (exact source contract identities)",
testnet,rayls,EVM,dst,V301,component-exact,evm_catalog_destination,
testnet,rayls,EVM,src,V302,family,historical_smoke ethereum/sepolia; evm_signing_path uln_v3_verify; chain_bindings (exact source contract identities),
testnet,rayls,EVM,dst,V302,component-exact,evm_catalog_destination,
testnet,raylsdevnet,EVM,src,V2,family,bsc v2_v3_route + v1_refresh; chain_bindings (exact source contract identities),
testnet,raylsdevnet,EVM,dst,V2,component-exact,evm_catalog_destination,
testnet,raylsdevnet,EVM,src,V301,family,"evm_source_events bsc (EndpointV2EvmSdk.getLZSentEvent, SendUln301); chain_bindings (exact source contract identities)",
testnet,raylsdevnet,EVM,dst,V301,component-exact,evm_catalog_destination,
testnet,raylsdevnet,EVM,src,V302,family,historical_smoke ethereum/sepolia; evm_signing_path uln_v3_verify; chain_bindings (exact source contract identities),
testnet,raylsdevnet,EVM,dst,V302,component-exact,evm_catalog_destination,
testnet,redbelly,EVM,src,V2,family,bsc v2_v3_route + v1_refresh; chain_bindings (exact source contract identities),
testnet,redbelly,EVM,dst,V2,component-exact,evm_catalog_destination,
testnet,redbelly,EVM,src,V301,family,"evm_source_events bsc (EndpointV2EvmSdk.getLZSentEvent, SendUln301); chain_bindings (exact source contract identities)",
testnet,redbelly,EVM,dst,V301,component-exact,evm_catalog_destination,
testnet,redbelly,EVM,src,V302,family,historical_smoke ethereum/sepolia; evm_signing_path uln_v3_verify; chain_bindings (exact source contract identities),
testnet,redbelly,EVM,dst,V302,component-exact,evm_catalog_destination,
testnet,reya,EVM,src,V2,family,bsc v2_v3_route + v1_refresh; chain_bindings (exact source contract identities),
testnet,reya,EVM,dst,V2,component-exact,evm_catalog_destination,
testnet,reya,EVM,src,V301,family,"evm_source_events bsc (EndpointV2EvmSdk.getLZSentEvent, SendUln301); chain_bindings (exact source contract identities)",
testnet,reya,EVM,dst,V301,component-exact,evm_catalog_destination,
testnet,reya,EVM,src,V302,family,historical_smoke ethereum/sepolia; evm_signing_path uln_v3_verify; chain_bindings (exact source contract identities),
testnet,reya,EVM,dst,V302,component-exact,evm_catalog_destination,
testnet,rise,EVM,src,V2,family,bsc v2_v3_route + v1_refresh; chain_bindings (exact source contract identities),
testnet,rise,EVM,dst,V2,component-exact,evm_catalog_destination,
testnet,rise,EVM,src,V301,family,"evm_source_events bsc (EndpointV2EvmSdk.getLZSentEvent, SendUln301); chain_bindings (exact source contract identities)",
testnet,rise,EVM,dst,V301,component-exact,evm_catalog_destination,
testnet,rise,EVM,src,V302,family,historical_smoke ethereum/sepolia; evm_signing_path uln_v3_verify; chain_bindings (exact source contract identities),
testnet,rise,EVM,dst,V302,component-exact,evm_catalog_destination,
testnet,ritual,EVM,src,V2,family,bsc v2_v3_route + v1_refresh; chain_bindings (exact source contract identities),
testnet,ritual,EVM,dst,V2,component-exact,evm_catalog_destination,
testnet,ritual,EVM,src,V301,family,"evm_source_events bsc (EndpointV2EvmSdk.getLZSentEvent, SendUln301); chain_bindings (exact source contract identities)",
testnet,ritual,EVM,dst,V301,component-exact,evm_catalog_destination,
testnet,ritual,EVM,src,V302,family,historical_smoke ethereum/sepolia; evm_signing_path uln_v3_verify; chain_bindings (exact source contract identities),
testnet,ritual,EVM,dst,V302,component-exact,evm_catalog_destination,
testnet,robinhood,EVM,src,V2,family,bsc v2_v3_route + v1_refresh; chain_bindings (exact source contract identities),
testnet,robinhood,EVM,dst,V2,component-exact,evm_catalog_destination,
testnet,robinhood,EVM,src,V301,family,"evm_source_events bsc (EndpointV2EvmSdk.getLZSentEvent, SendUln301); chain_bindings (exact source contract identities)",
testnet,robinhood,EVM,dst,V301,component-exact,evm_catalog_destination,
testnet,robinhood,EVM,src,V302,family,historical_smoke ethereum/sepolia; evm_signing_path uln_v3_verify; chain_bindings (exact source contract identities),
testnet,robinhood,EVM,dst,V302,component-exact,evm_catalog_destination,
testnet,root,EVM,src,V2,family,bsc v2_v3_route + v1_refresh; chain_bindings (exact source contract identities),
testnet,root,EVM,dst,V2,component-exact,evm_catalog_destination,
testnet,root,EVM,src,V301,family,"evm_source_events bsc (EndpointV2EvmSdk.getLZSentEvent, SendUln301); chain_bindings (exact source contract identities)",
testnet,root,EVM,dst,V301,component-exact,evm_catalog_destination,
testnet,root,EVM,src,V302,family,historical_smoke ethereum/sepolia; evm_signing_path uln_v3_verify; chain_bindings (exact source contract identities),
testnet,root,EVM,dst,V302,component-exact,evm_catalog_destination,
testnet,rootstock,EVM,src,V2,family,bsc v2_v3_route + v1_refresh; chain_bindings (exact source contract identities),
testnet,rootstock,EVM,dst,V2,component-exact,evm_catalog_destination,
testnet,rootstock,EVM,src,V301,family,"evm_source_events bsc (EndpointV2EvmSdk.getLZSentEvent, SendUln301); chain_bindings (exact source contract identities)",
testnet,rootstock,EVM,dst,V301,component-exact,evm_catalog_destination,
testnet,rootstock,EVM,src,V302,family,historical_smoke ethereum/sepolia; evm_signing_path uln_v3_verify; chain_bindings (exact source contract identities),
testnet,rootstock,EVM,dst,V302,component-exact,evm_catalog_destination,
testnet,scroll,EVM,src,V2,family,bsc v2_v3_route + v1_refresh; chain_bindings (exact source contract identities),
testnet,scroll,EVM,dst,V2,incomplete,evm_catalog_destination,C1 vId unmeasured on chain
testnet,scroll,EVM,src,V301,family,"evm_source_events bsc (EndpointV2EvmSdk.getLZSentEvent, SendUln301); chain_bindings (exact source contract identities)",
testnet,scroll,EVM,dst,V301,incomplete,evm_catalog_destination,C1 vId unmeasured on chain
testnet,scroll,EVM,src,V302,family,historical_smoke ethereum/sepolia; evm_signing_path uln_v3_verify; chain_bindings (exact source contract identities),
testnet,scroll,EVM,dst,V302,incomplete,evm_catalog_destination,C1 vId unmeasured on chain
testnet,sei,EVM,src,V2,family,bsc v2_v3_route + v1_refresh; chain_bindings (exact source contract identities),
testnet,sei,EVM,dst,V2,component-exact,evm_catalog_destination,
testnet,sei,EVM,src,V301,family,"evm_source_events bsc (EndpointV2EvmSdk.getLZSentEvent, SendUln301); chain_bindings (exact source contract identities)",
testnet,sei,EVM,dst,V301,component-exact,evm_catalog_destination,
testnet,sei,EVM,src,V302,family,historical_smoke ethereum/sepolia; evm_signing_path uln_v3_verify; chain_bindings (exact source contract identities),
testnet,sei,EVM,dst,V302,component-exact,evm_catalog_destination,
testnet,sei2,EVM,src,V2,family,bsc v2_v3_route + v1_refresh; chain_bindings (exact source contract identities),
testnet,sei2,EVM,dst,V2,component-exact,evm_catalog_destination,
testnet,sei2,EVM,src,V301,family,"evm_source_events bsc (EndpointV2EvmSdk.getLZSentEvent, SendUln301); chain_bindings (exact source contract identities)",
testnet,sei2,EVM,dst,V301,component-exact,evm_catalog_destination,
testnet,sei2,EVM,src,V302,family,historical_smoke ethereum/sepolia; evm_signing_path uln_v3_verify; chain_bindings (exact source contract identities),
testnet,sei2,EVM,dst,V302,component-exact,evm_catalog_destination,
testnet,seismic,EVM,src,V2,family,bsc v2_v3_route + v1_refresh; chain_bindings (exact source contract identities),
testnet,seismic,EVM,dst,V2,component-exact,evm_catalog_destination,
testnet,seismic,EVM,src,V301,family,"evm_source_events bsc (EndpointV2EvmSdk.getLZSentEvent, SendUln301); chain_bindings (exact source contract identities)",
testnet,seismic,EVM,dst,V301,component-exact,evm_catalog_destination,
testnet,seismic,EVM,src,V302,family,historical_smoke ethereum/sepolia; evm_signing_path uln_v3_verify; chain_bindings (exact source contract identities),
testnet,seismic,EVM,dst,V302,component-exact,evm_catalog_destination,
testnet,sepolia,EVM,src,V2,family,bsc v2_v3_route + v1_refresh; chain_bindings (exact source contract identities),
testnet,sepolia,EVM,dst,V2,component-exact,evm_catalog_destination,
testnet,sepolia,EVM,src,V301,family,"evm_source_events bsc (EndpointV2EvmSdk.getLZSentEvent, SendUln301); chain_bindings (exact source contract identities)",
testnet,sepolia,EVM,dst,V301,component-exact,evm_catalog_destination,
testnet,sepolia,EVM,src,V302,final-response,historical_smoke (production HTTP vs upstream startServer),
testnet,sepolia,EVM,dst,V302,component-exact,evm_catalog_destination,
testnet,sepolia,EVM,src,ReadV1002,family,evm_signing_path uln_read_v1002_verify; evm_source_events bsc; chain_bindings (exact source contract identities),
testnet,sepolia,EVM,dst,ReadV1002,component-exact,evm_catalog_destination,
testnet,solana,SOLANA,src,V302,family,"same chain, another environment - mainnet: source_replay solana",
testnet,solana,SOLANA,dst,V302,final-response,historical_smoke (production HTTP vs upstream startServer); non_evm_destination:V302=refused; non_evm_destination:V302:withDvnAddress=built,signer address compared with a local mnemonic; Azure has no 1.2.66 reference (C2)
testnet,somnia,EVM,src,V2,family,bsc v2_v3_route + v1_refresh; chain_bindings (exact source contract identities),
testnet,somnia,EVM,dst,V2,component-exact,evm_catalog_destination,
testnet,somnia,EVM,src,V301,family,"evm_source_events bsc (EndpointV2EvmSdk.getLZSentEvent, SendUln301); chain_bindings (exact source contract identities)",
testnet,somnia,EVM,dst,V301,component-exact,evm_catalog_destination,
testnet,somnia,EVM,src,V302,family,historical_smoke ethereum/sepolia; evm_signing_path uln_v3_verify; chain_bindings (exact source contract identities),
testnet,somnia,EVM,dst,V302,component-exact,evm_catalog_destination,
testnet,somniashannon,EVM,src,V2,family,bsc v2_v3_route + v1_refresh; chain_bindings (exact source contract identities),
testnet,somniashannon,EVM,dst,V2,component-exact,evm_catalog_destination,
testnet,somniashannon,EVM,src,V301,family,"evm_source_events bsc (EndpointV2EvmSdk.getLZSentEvent, SendUln301); chain_bindings (exact source contract identities)",
testnet,somniashannon,EVM,dst,V301,component-exact,evm_catalog_destination,
testnet,somniashannon,EVM,src,V302,family,historical_smoke ethereum/sepolia; evm_signing_path uln_v3_verify; chain_bindings (exact source contract identities),
testnet,somniashannon,EVM,dst,V302,component-exact,evm_catalog_destination,
testnet,sonic,EVM,src,V2,family,bsc v2_v3_route + v1_refresh; chain_bindings (exact source contract identities),
testnet,sonic,EVM,dst,V2,component-exact,evm_catalog_destination,
testnet,sonic,EVM,src,V301,family,"evm_source_events bsc (EndpointV2EvmSdk.getLZSentEvent, SendUln301); chain_bindings (exact source contract identities)",
testnet,sonic,EVM,dst,V301,component-exact,evm_catalog_destination,
testnet,sonic,EVM,src,V302,family,historical_smoke ethereum/sepolia; evm_signing_path uln_v3_verify; chain_bindings (exact source contract identities),
testnet,sonic,EVM,dst,V302,component-exact,evm_catalog_destination,
testnet,sophonos,EVM,src,V2,family,bsc v2_v3_route + v1_refresh; chain_bindings (exact source contract identities),
testnet,sophonos,EVM,dst,V2,component-exact,evm_catalog_destination,
testnet,sophonos,EVM,src,V301,family,"evm_source_events bsc (EndpointV2EvmSdk.getLZSentEvent, SendUln301); chain_bindings (exact source contract identities)",
testnet,sophonos,EVM,dst,V301,component-exact,evm_catalog_destination,
testnet,sophonos,EVM,src,V302,family,historical_smoke ethereum/sepolia; evm_signing_path uln_v3_verify; chain_bindings (exact source contract identities),
testnet,sophonos,EVM,dst,V302,component-exact,evm_catalog_destination,
testnet,stable,EVM,src,V2,family,bsc v2_v3_route + v1_refresh; chain_bindings (exact source contract identities),
testnet,stable,EVM,dst,V2,component-exact,evm_catalog_destination,
testnet,stable,EVM,src,V301,family,"evm_source_events bsc (EndpointV2EvmSdk.getLZSentEvent, SendUln301); chain_bindings (exact source contract identities)",
testnet,stable,EVM,dst,V301,component-exact,evm_catalog_destination,
testnet,stable,EVM,src,V302,family,historical_smoke ethereum/sepolia; evm_signing_path uln_v3_verify; chain_bindings (exact source contract identities),
testnet,stable,EVM,dst,V302,component-exact,evm_catalog_destination,
testnet,stabledevnet,EVM,src,V2,family,bsc v2_v3_route + v1_refresh; chain_bindings (exact source contract identities),
testnet,stabledevnet,EVM,dst,V2,component-exact,evm_catalog_destination,
testnet,stabledevnet,EVM,src,V301,family,"evm_source_events bsc (EndpointV2EvmSdk.getLZSentEvent, SendUln301); chain_bindings (exact source contract identities)",
testnet,stabledevnet,EVM,dst,V301,component-exact,evm_catalog_destination,
testnet,stabledevnet,EVM,src,V302,family,historical_smoke ethereum/sepolia; evm_signing_path uln_v3_verify; chain_bindings (exact source contract identities),
testnet,stabledevnet,EVM,dst,V302,component-exact,evm_catalog_destination,
testnet,starknet,STARKNET,src,V302,family,"same chain, another environment - mainnet: starknet_source_events (23: 22 exact, 1 stricter)",
testnet,starknet,STARKNET,dst,V302,final-response,historical_smoke (production HTTP vs upstream startServer); non_evm_destination:V302=built; non_evm_destination:V302:withDvnAddress=built,
testnet,stellar,STELLAR,src,V302,family,"same chain, another environment - mainnet: stellar_source_events (20: 18 exact, 2 stricter)",
testnet,stellar,STELLAR,dst,V302,final-response,historical_smoke (production HTTP vs upstream startServer),
testnet,subtensorevm,EVM,src,V2,family,bsc v2_v3_route + v1_refresh; chain_bindings (exact source contract identities),
testnet,subtensorevm,EVM,dst,V2,component-exact,evm_catalog_destination,
testnet,subtensorevm,EVM,src,V301,family,"evm_source_events bsc (EndpointV2EvmSdk.getLZSentEvent, SendUln301); chain_bindings (exact source contract identities)",
testnet,subtensorevm,EVM,dst,V301,component-exact,evm_catalog_destination,
testnet,subtensorevm,EVM,src,V302,family,historical_smoke ethereum/sepolia; evm_signing_path uln_v3_verify; chain_bindings (exact source contract identities),
testnet,subtensorevm,EVM,dst,V302,component-exact,evm_catalog_destination,
testnet,sui,SUI,src,V302,family,"same chain, another environment - mainnet: sui_source_events (42: 34 exact, 8 stricter)",
testnet,sui,SUI,dst,V302,final-response,historical_smoke (production HTTP vs upstream startServer); non_evm_destination:V302=built,
testnet,swell,EVM,src,V2,family,bsc v2_v3_route + v1_refresh; chain_bindings (exact source contract identities),
testnet,swell,EVM,dst,V2,component-exact,evm_catalog_destination,
testnet,swell,EVM,src,V301,family,"evm_source_events bsc (EndpointV2EvmSdk.getLZSentEvent, SendUln301); chain_bindings (exact source contract identities)",
testnet,swell,EVM,dst,V301,component-exact,evm_catalog_destination,
testnet,swell,EVM,src,V302,family,historical_smoke ethereum/sepolia; evm_signing_path uln_v3_verify; chain_bindings (exact source contract identities),
testnet,swell,EVM,dst,V302,component-exact,evm_catalog_destination,
testnet,tacspb,EVM,src,V2,family,bsc v2_v3_route + v1_refresh; chain_bindings (exact source contract identities),
testnet,tacspb,EVM,dst,V2,component-exact,evm_catalog_destination,
testnet,tacspb,EVM,src,V301,family,"evm_source_events bsc (EndpointV2EvmSdk.getLZSentEvent, SendUln301); chain_bindings (exact source contract identities)",
testnet,tacspb,EVM,dst,V301,component-exact,evm_catalog_destination,
testnet,tacspb,EVM,src,V302,family,historical_smoke ethereum/sepolia; evm_signing_path uln_v3_verify; chain_bindings (exact source contract identities),
testnet,tacspb,EVM,dst,V302,component-exact,evm_catalog_destination,
testnet,telos,EVM,src,V2,family,bsc v2_v3_route + v1_refresh; chain_bindings (exact source contract identities),
testnet,telos,EVM,dst,V2,component-exact,evm_catalog_destination,
testnet,telos,EVM,src,V301,family,"evm_source_events bsc (EndpointV2EvmSdk.getLZSentEvent, SendUln301); chain_bindings (exact source contract identities)",
testnet,telos,EVM,dst,V301,component-exact,evm_catalog_destination,
testnet,telos,EVM,src,V302,family,historical_smoke ethereum/sepolia; evm_signing_path uln_v3_verify; chain_bindings (exact source contract identities),
testnet,telos,EVM,dst,V302,component-exact,evm_catalog_destination,
testnet,ton,TON,src,V302,incomplete,,B2 rollout gate; no TON testnet source evidence (the delivered packet is a destination check); mainnet source_replay ton only; awaits operator rollout decision
testnet,ton,TON,dst,V302,incomplete,"non_evm_destination:V302=refused; non_evm_destination:V302:withDvnAddress=refused; onchain_provenance/ton_testnet_delivered_packet.json (toncenter storage, mc seqno 89204726/89204732); payload_signed::rebuilds_the_testnet_delivered_packet_cell; payload_signed::derives_the_testnet_uln_connection_from_the_configured_uln_manager; validation_payload_ton_tests::runtime_rpc_validation_checks_send_the_testnet_packet_and_reject_its_verified_state; validation_payload_ton_tests::runtime_rpc_validation_checks_refuse_the_testnet_packet_over_its_real_storage",B2 rollout gate; delivered arbsep->TON testnet packet (nonce 11): payload-signed check refuses VERIFIED over the real UlnConnection/Uln storage; signing path not run; awaits operator rollout decision
testnet,treasure,EVM,src,V2,family,bsc v2_v3_route + v1_refresh; chain_bindings (exact source contract identities),
testnet,treasure,EVM,dst,V2,component-exact,evm_catalog_destination,
testnet,treasure,EVM,src,V301,family,"evm_source_events bsc (EndpointV2EvmSdk.getLZSentEvent, SendUln301); chain_bindings (exact source contract identities)",
testnet,treasure,EVM,dst,V301,component-exact,evm_catalog_destination,
testnet,treasure,EVM,src,V302,family,historical_smoke ethereum/sepolia; evm_signing_path uln_v3_verify; chain_bindings (exact source contract identities),
testnet,treasure,EVM,dst,V302,component-exact,evm_catalog_destination,
testnet,tron,TRON,src,V2,family,EVM resolver (TRON runs the EVM PacketSent path); bsc v2_v3_route + v1_refresh; chain_bindings (exact source contract identities),
testnet,tron,TRON,dst,V2,component-exact,evm_catalog_destination,
testnet,tron,TRON,src,V301,family,"EVM resolver (TRON runs the EVM PacketSent path); evm_source_events bsc (EndpointV2EvmSdk.getLZSentEvent, SendUln301); chain_bindings (exact source contract identities)",
testnet,tron,TRON,dst,V301,component-exact,evm_catalog_destination,
testnet,tron,TRON,src,V302,family,source_replay tron; chain_bindings (exact source contract identities),
testnet,tron,TRON,dst,V302,final-response,historical_smoke (production HTTP vs upstream startServer); evm_catalog_destination,
testnet,unichain,EVM,src,V2,family,bsc v2_v3_route + v1_refresh; chain_bindings (exact source contract identities),
testnet,unichain,EVM,dst,V2,component-exact,evm_catalog_destination,
testnet,unichain,EVM,src,V301,family,"evm_source_events bsc (EndpointV2EvmSdk.getLZSentEvent, SendUln301); chain_bindings (exact source contract identities)",
testnet,unichain,EVM,dst,V301,component-exact,evm_catalog_destination,
testnet,unichain,EVM,src,V302,family,historical_smoke ethereum/sepolia; evm_signing_path uln_v3_verify; chain_bindings (exact source contract identities),
testnet,unichain,EVM,dst,V302,component-exact,evm_catalog_destination,
testnet,unreal,EVM,src,V2,family,bsc v2_v3_route + v1_refresh; chain_bindings (exact source contract identities),
testnet,unreal,EVM,dst,V2,component-exact,evm_catalog_destination,
testnet,unreal,EVM,src,V301,family,"evm_source_events bsc (EndpointV2EvmSdk.getLZSentEvent, SendUln301); chain_bindings (exact source contract identities)",
testnet,unreal,EVM,dst,V301,component-exact,evm_catalog_destination,
testnet,unreal,EVM,src,V302,family,historical_smoke ethereum/sepolia; evm_signing_path uln_v3_verify; chain_bindings (exact source contract identities),
testnet,unreal,EVM,dst,V302,component-exact,evm_catalog_destination,
testnet,venn,EVM,src,V2,family,bsc v2_v3_route + v1_refresh; chain_bindings (exact source contract identities),
testnet,venn,EVM,dst,V2,component-exact,evm_catalog_destination,
testnet,venn,EVM,src,V301,family,"evm_source_events bsc (EndpointV2EvmSdk.getLZSentEvent, SendUln301); chain_bindings (exact source contract identities)",
testnet,venn,EVM,dst,V301,component-exact,evm_catalog_destination,
testnet,venn,EVM,src,V302,family,historical_smoke ethereum/sepolia; evm_signing_path uln_v3_verify; chain_bindings (exact source contract identities),
testnet,venn,EVM,dst,V302,component-exact,evm_catalog_destination,
testnet,worldcoin,EVM,src,V2,family,bsc v2_v3_route + v1_refresh; chain_bindings (exact source contract identities),
testnet,worldcoin,EVM,dst,V2,component-exact,evm_catalog_destination,
testnet,worldcoin,EVM,src,V301,family,"evm_source_events bsc (EndpointV2EvmSdk.getLZSentEvent, SendUln301); chain_bindings (exact source contract identities)",
testnet,worldcoin,EVM,dst,V301,component-exact,evm_catalog_destination,
testnet,worldcoin,EVM,src,V302,family,historical_smoke ethereum/sepolia; evm_signing_path uln_v3_verify; chain_bindings (exact source contract identities),
testnet,worldcoin,EVM,dst,V302,component-exact,evm_catalog_destination,
testnet,xchain,EVM,src,V2,family,bsc v2_v3_route + v1_refresh; chain_bindings (exact source contract identities),
testnet,xchain,EVM,dst,V2,component-exact,evm_catalog_destination,
testnet,xchain,EVM,src,V301,family,"evm_source_events bsc (EndpointV2EvmSdk.getLZSentEvent, SendUln301); chain_bindings (exact source contract identities)",
testnet,xchain,EVM,dst,V301,component-exact,evm_catalog_destination,
testnet,xchain,EVM,src,V302,family,historical_smoke ethereum/sepolia; evm_signing_path uln_v3_verify; chain_bindings (exact source contract identities),
testnet,xchain,EVM,dst,V302,component-exact,evm_catalog_destination,
testnet,xlayer,EVM,src,V2,family,bsc v2_v3_route + v1_refresh; chain_bindings (exact source contract identities),
testnet,xlayer,EVM,dst,V2,component-exact,evm_catalog_destination,
testnet,xlayer,EVM,src,V301,family,"evm_source_events bsc (EndpointV2EvmSdk.getLZSentEvent, SendUln301); chain_bindings (exact source contract identities)",
testnet,xlayer,EVM,dst,V301,component-exact,evm_catalog_destination,
testnet,xlayer,EVM,src,V302,family,historical_smoke ethereum/sepolia; evm_signing_path uln_v3_verify; chain_bindings (exact source contract identities),
testnet,xlayer,EVM,dst,V302,component-exact,evm_catalog_destination,
testnet,xlayer2,EVM,src,V2,family,bsc v2_v3_route + v1_refresh; chain_bindings (exact source contract identities),
testnet,xlayer2,EVM,dst,V2,component-exact,evm_catalog_destination,
testnet,xlayer2,EVM,src,V301,family,"evm_source_events bsc (EndpointV2EvmSdk.getLZSentEvent, SendUln301); chain_bindings (exact source contract identities)",
testnet,xlayer2,EVM,dst,V301,component-exact,evm_catalog_destination,
testnet,xlayer2,EVM,src,V302,family,historical_smoke ethereum/sepolia; evm_signing_path uln_v3_verify; chain_bindings (exact source contract identities),
testnet,xlayer2,EVM,dst,V302,component-exact,evm_catalog_destination,
testnet,zama,EVM,src,V2,family,bsc v2_v3_route + v1_refresh; chain_bindings (exact source contract identities),
testnet,zama,EVM,dst,V2,component-exact,evm_catalog_destination,
testnet,zama,EVM,src,V301,family,"evm_source_events bsc (EndpointV2EvmSdk.getLZSentEvent, SendUln301); chain_bindings (exact source contract identities)",
testnet,zama,EVM,dst,V301,component-exact,evm_catalog_destination,
testnet,zama,EVM,src,V302,family,historical_smoke ethereum/sepolia; evm_signing_path uln_v3_verify; chain_bindings (exact source contract identities),
testnet,zama,EVM,dst,V302,component-exact,evm_catalog_destination,
testnet,zircuit,EVM,src,V2,family,bsc v2_v3_route + v1_refresh; chain_bindings (exact source contract identities),
testnet,zircuit,EVM,dst,V2,component-exact,evm_catalog_destination,
testnet,zircuit,EVM,src,V301,family,"evm_source_events bsc (EndpointV2EvmSdk.getLZSentEvent, SendUln301); chain_bindings (exact source contract identities)",
testnet,zircuit,EVM,dst,V301,component-exact,evm_catalog_destination,
testnet,zircuit,EVM,src,V302,family,historical_smoke ethereum/sepolia; evm_signing_path uln_v3_verify; chain_bindings (exact source contract identities),
testnet,zircuit,EVM,dst,V302,component-exact,evm_catalog_destination,
testnet,zklink,EVM,src,V2,family,bsc v2_v3_route + v1_refresh; chain_bindings (exact source contract identities),
testnet,zklink,EVM,dst,V2,component-exact,evm_catalog_destination,
testnet,zklink,EVM,src,V301,family,"evm_source_events bsc (EndpointV2EvmSdk.getLZSentEvent, SendUln301); chain_bindings (exact source contract identities)",
testnet,zklink,EVM,dst,V301,component-exact,evm_catalog_destination,
testnet,zklink,EVM,src,V302,family,historical_smoke ethereum/sepolia; evm_signing_path uln_v3_verify; chain_bindings (exact source contract identities),
testnet,zklink,EVM,dst,V302,component-exact,evm_catalog_destination,
testnet,zkpolygonsep,EVM,src,V2,family,bsc v2_v3_route + v1_refresh; chain_bindings (exact source contract identities),
testnet,zkpolygonsep,EVM,dst,V2,component-exact,evm_catalog_destination,
testnet,zkpolygonsep,EVM,src,V301,family,"evm_source_events bsc (EndpointV2EvmSdk.getLZSentEvent, SendUln301); chain_bindings (exact source contract identities)",
testnet,zkpolygonsep,EVM,dst,V301,component-exact,evm_catalog_destination,
testnet,zkpolygonsep,EVM,src,V302,family,historical_smoke ethereum/sepolia; evm_signing_path uln_v3_verify; chain_bindings (exact source contract identities),
testnet,zkpolygonsep,EVM,dst,V302,component-exact,evm_catalog_destination,
testnet,zksyncsep,EVM,src,V2,family,bsc v2_v3_route + v1_refresh; chain_bindings (exact source contract identities),
testnet,zksyncsep,EVM,dst,V2,extension,evm_catalog_destination,"C1 signed vId is the on-chain DVN vid (dvn_vid.json), not upstream EndpointV2 % 30000"
testnet,zksyncsep,EVM,src,V301,family,"evm_source_events bsc (EndpointV2EvmSdk.getLZSentEvent, SendUln301); chain_bindings (exact source contract identities)",
testnet,zksyncsep,EVM,dst,V301,extension,evm_catalog_destination,"C1 signed vId is the on-chain DVN vid (dvn_vid.json), not upstream EndpointV2 % 30000"
testnet,zksyncsep,EVM,src,V302,family,historical_smoke ethereum/sepolia; evm_signing_path uln_v3_verify; chain_bindings (exact source contract identities),
testnet,zksyncsep,EVM,dst,V302,extension,evm_catalog_destination,"C1 signed vId is the on-chain DVN vid (dvn_vid.json), not upstream EndpointV2 % 30000"
testnet,zkverify,EVM,src,V2,family,bsc v2_v3_route + v1_refresh; chain_bindings (exact source contract identities),
testnet,zkverify,EVM,dst,V2,component-exact,evm_catalog_destination,
testnet,zkverify,EVM,src,V301,family,"evm_source_events bsc (EndpointV2EvmSdk.getLZSentEvent, SendUln301); chain_bindings (exact source contract identities)",
testnet,zkverify,EVM,dst,V301,component-exact,evm_catalog_destination,
testnet,zkverify,EVM,src,V302,family,historical_smoke ethereum/sepolia; evm_signing_path uln_v3_verify; chain_bindings (exact source contract identities),
testnet,zkverify,EVM,dst,V302,component-exact,evm_catalog_destination,
testnet,zorasep,EVM,src,V2,family,bsc v2_v3_route + v1_refresh; chain_bindings (exact source contract identities),
testnet,zorasep,EVM,dst,V2,component-exact,evm_catalog_destination,
testnet,zorasep,EVM,src,V301,family,"evm_source_events bsc (EndpointV2EvmSdk.getLZSentEvent, SendUln301); chain_bindings (exact source contract identities)",
testnet,zorasep,EVM,dst,V301,component-exact,evm_catalog_destination,
testnet,zorasep,EVM,src,V302,family,historical_smoke ethereum/sepolia; evm_signing_path uln_v3_verify; chain_bindings (exact source contract identities),
testnet,zorasep,EVM,dst,V302,component-exact,evm_catalog_destination,
sandbox,arbitrum,EVM,src,V2,family,bsc v2_v3_route + v1_refresh; chain_bindings (exact source contract identities),
sandbox,arbitrum,EVM,dst,V2,component-exact,evm_catalog_destination,
sandbox,arbitrum,EVM,src,V301,family,"evm_source_events bsc (EndpointV2EvmSdk.getLZSentEvent, SendUln301); chain_bindings (exact source contract identities)",
sandbox,arbitrum,EVM,dst,V301,component-exact,evm_catalog_destination,
sandbox,arbitrum,EVM,src,V302,family,historical_smoke ethereum/sepolia; evm_signing_path uln_v3_verify; chain_bindings (exact source contract identities),
sandbox,arbitrum,EVM,dst,V302,component-exact,evm_catalog_destination,
sandbox,arbitrum,EVM,src,ReadV1002,family,evm_signing_path uln_read_v1002_verify; evm_source_events bsc; chain_bindings (exact source contract identities),
sandbox,arbitrum,EVM,dst,ReadV1002,component-exact,evm_catalog_destination,
sandbox,bsc,EVM,src,V2,family,bsc v2_v3_route + v1_refresh; chain_bindings (exact source contract identities),
sandbox,bsc,EVM,dst,V2,component-exact,evm_catalog_destination,
sandbox,bsc,EVM,src,V301,family,"evm_source_events bsc (EndpointV2EvmSdk.getLZSentEvent, SendUln301); chain_bindings (exact source contract identities)",
sandbox,bsc,EVM,dst,V301,component-exact,evm_catalog_destination,
sandbox,bsc,EVM,src,V302,family,historical_smoke ethereum/sepolia; evm_signing_path uln_v3_verify; chain_bindings (exact source contract identities),
sandbox,bsc,EVM,dst,V302,component-exact,evm_catalog_destination,
sandbox,bsc,EVM,src,ReadV1002,family,evm_signing_path uln_read_v1002_verify; evm_source_events bsc; chain_bindings (exact source contract identities),
sandbox,bsc,EVM,dst,ReadV1002,component-exact,evm_catalog_destination,
sandbox,canton,CANTON,src,V302,incomplete,canton_sequencer resolve/confirmations (environment-independent sequencer logic),"A2 ledger read + OAuth2 token implemented from common-canton 1.2.66 source; read executed against real Canton 3.5.19 with synthetic auth (no LayerZero DAR, no signing); needs operator OAuth2/ledger config; sandbox JWT auth not enabled"
sandbox,canton,CANTON,dst,V302,component-exact,canton_sequencer payloadSigned + canton_digest + canton_sign,
sandbox,ethereum,EVM,src,V2,family,bsc v2_v3_route + v1_refresh; chain_bindings (exact source contract identities),
sandbox,ethereum,EVM,dst,V2,component-exact,evm_catalog_destination,
sandbox,ethereum,EVM,src,V301,family,"evm_source_events bsc (EndpointV2EvmSdk.getLZSentEvent, SendUln301); chain_bindings (exact source contract identities)",
sandbox,ethereum,EVM,dst,V301,component-exact,evm_catalog_destination,
sandbox,ethereum,EVM,src,V302,family,historical_smoke ethereum/sepolia; evm_signing_path uln_v3_verify; chain_bindings (exact source contract identities),
sandbox,ethereum,EVM,dst,V302,component-exact,evm_catalog_destination,
sandbox,ethereum,EVM,src,ReadV1002,family,evm_signing_path uln_read_v1002_verify; evm_source_events bsc; chain_bindings (exact source contract identities),
sandbox,ethereum,EVM,dst,ReadV1002,component-exact,evm_catalog_destination,
sandbox,polygon,EVM,src,V2,family,bsc v2_v3_route + v1_refresh; chain_bindings (exact source contract identities),
sandbox,polygon,EVM,dst,V2,component-exact,evm_catalog_destination,
sandbox,polygon,EVM,src,V301,family,"evm_source_events bsc (EndpointV2EvmSdk.getLZSentEvent, SendUln301); chain_bindings (exact source contract identities)",
sandbox,polygon,EVM,dst,V301,component-exact,evm_catalog_destination,
sandbox,polygon,EVM,src,V302,family,historical_smoke ethereum/sepolia; evm_signing_path uln_v3_verify; chain_bindings (exact source contract identities),
sandbox,polygon,EVM,dst,V302,component-exact,evm_catalog_destination,
sandbox,polygon,EVM,src,ReadV1002,family,evm_signing_path uln_read_v1002_verify; evm_source_events bsc; chain_bindings (exact source contract identities),
sandbox,polygon,EVM,dst,ReadV1002,component-exact,evm_catalog_destination,
sandbox,solana,SOLANA,src,V302,family,"same chain, another environment - mainnet: source_replay solana",
sandbox,solana,SOLANA,dst,V302,component-exact,non_evm_destination:V302=refused; non_evm_destination:V302:withDvnAddress=built,
sandbox,ton,TON,src,V302,family,"same chain, another environment - mainnet: source_replay ton + ton-trace-quorum",
sandbox,ton,TON,dst,V302,component-exact,non_evm_destination:V302=refused; non_evm_destination:V302:withDvnAddress=refused,
sandbox,tron,TRON,src,V2,family,EVM resolver (TRON runs the EVM PacketSent path); bsc v2_v3_route + v1_refresh; chain_bindings (exact source contract identities),
sandbox,tron,TRON,dst,V2,component-exact,evm_catalog_destination,
sandbox,tron,TRON,src,V301,family,"EVM resolver (TRON runs the EVM PacketSent path); evm_source_events bsc (EndpointV2EvmSdk.getLZSentEvent, SendUln301); chain_bindings (exact source contract identities)",
sandbox,tron,TRON,dst,V301,component-exact,evm_catalog_destination,
sandbox,tron,TRON,src,V302,family,source_replay tron; chain_bindings (exact source contract identities),
sandbox,tron,TRON,dst,V302,component-exact,evm_catalog_destination,
sandbox,tron,TRON,src,ReadV1002,family,EVM resolver (TRON runs the EVM PacketSent path); evm_signing_path uln_read_v1002_verify; evm_source_events bsc; chain_bindings (exact source contract identities),
sandbox,tron,TRON,dst,ReadV1002,component-exact,evm_catalog_destination,
